{
    "MEGCoordinateSystem": "ElektaNeuromag",
    "MEGCoordinateUnits": "m",
    "MEGCoordinateSystemDescription": "RAS orientation and the origin between the ears",
    "HeadCoilCoordinates": {
        "NAS": [
            3.725290298461914e-09,
            0.1034683883190155,
            -7.450580596923828e-09
        ],
        "LPA": [
            -0.06870672106742859,
            -2.9802322387695312e-08,
            -7.450580596923828e-09
        ],
        "RPA": [
            0.07289915531873703,
            -2.9802322387695312e-08,
            -7.450580596923828e-09
        ],
        "coil1": [
            0.07641898095607758,
            -0.021391570568084717,
            0.003795773023739457
        ],
        "coil2": [
            0.050259076058864594,
            0.08516767621040344,
            0.05932150036096573
        ],
        "coil3": [
            -0.07142526656389236,
            -0.023530898615717888,
            0.002299732994288206
        ],
        "coil4": [
            -0.046555496752262115,
            0.08511623740196228,
            0.06028633564710617
        ]
    },
    "HeadCoilCoordinateSystem": "ElektaNeuromag",
    "HeadCoilCoordinateUnits": "m",
    "AnatomicalLandmarkCoordinates": {
        "NAS": [
            3.725290298461914e-09,
            0.1034683883190155,
            -7.450580596923828e-09
        ],
        "LPA": [
            -0.06870672106742859,
            -2.9802322387695312e-08,
            -7.450580596923828e-09
        ],
        "RPA": [
            0.07289915531873703,
            -2.9802322387695312e-08,
            -7.450580596923828e-09
        ],
        "coil1": [
            0.07641898095607758,
            -0.021391570568084717,
            0.003795773023739457
        ],
        "coil2": [
            0.050259076058864594,
            0.08516767621040344,
            0.05932150036096573
        ],
        "coil3": [
            -0.07142526656389236,
            -0.023530898615717888,
            0.002299732994288206
        ],
        "coil4": [
            -0.046555496752262115,
            0.08511623740196228,
            0.06028633564710617
        ]
    },
    "AnatomicalLandmarkCoordinateSystem": "ElektaNeuromag",
    "AnatomicalLandmarkCoordinateUnits": "m"
}
