{
    "MEGCoordinateSystem": "ElektaNeuromag",
    "MEGCoordinateUnits": "m",
    "MEGCoordinateSystemDescription": "RAS orientation and the origin between the ears",
    "HeadCoilCoordinates": {
        "NAS": [
            0.0,
            0.09403999894857407,
            -0.0
        ],
        "LPA": [
            -0.06873000413179398,
            0.0,
            -0.0
        ],
        "RPA": [
            0.07078000158071518,
            0.0,
            0.0
        ],
        "coil1": [
            -0.06494999676942825,
            -0.031300000846385956,
            -0.008919999934732914
        ],
        "coil2": [
            -0.04915999993681908,
            0.08224999904632568,
            0.05299000069499016
        ],
        "coil3": [
            -0.004719999618828297,
            0.10586000233888626,
            0.040880002081394196
        ],
        "coil4": [
            0.05470000207424164,
            0.07801000028848648,
            0.042009998112916946
        ],
        "coil5": [
            0.061069998890161514,
            -0.039889998733997345,
            -0.004559999797493219
        ]
    },
    "HeadCoilCoordinateSystem": "ElektaNeuromag",
    "HeadCoilCoordinateUnits": "m",
    "AnatomicalLandmarkCoordinates": {
        "NAS": [
            0.0,
            0.09403999894857407,
            -0.0
        ],
        "LPA": [
            -0.06873000413179398,
            0.0,
            -0.0
        ],
        "RPA": [
            0.07078000158071518,
            0.0,
            0.0
        ],
        "coil1": [
            -0.06494999676942825,
            -0.031300000846385956,
            -0.008919999934732914
        ],
        "coil2": [
            -0.04915999993681908,
            0.08224999904632568,
            0.05299000069499016
        ],
        "coil3": [
            -0.004719999618828297,
            0.10586000233888626,
            0.040880002081394196
        ],
        "coil4": [
            0.05470000207424164,
            0.07801000028848648,
            0.042009998112916946
        ],
        "coil5": [
            0.061069998890161514,
            -0.039889998733997345,
            -0.004559999797493219
        ]
    },
    "AnatomicalLandmarkCoordinateSystem": "ElektaNeuromag",
    "AnatomicalLandmarkCoordinateUnits": "m"
}
