{
    "MEGCoordinateSystem": "ElektaNeuromag",
    "MEGCoordinateUnits": "m",
    "MEGCoordinateSystemDescription": "RAS orientation and the origin between the ears",
    "HeadCoilCoordinates": {
        "NAS": [
            0.0,
            0.09942346811294556,
            1.4901161193847656e-08
        ],
        "LPA": [
            -0.0808393657207489,
            0.0,
            7.450580596923828e-09
        ],
        "RPA": [
            0.07673223316669464,
            -2.9802322387695312e-08,
            2.2351741790771484e-08
        ],
        "coil1": [
            0.07322649657726288,
            -0.02870204858481884,
            0.02461189031600952
        ],
        "coil2": [
            0.052135445177555084,
            0.08775950223207474,
            0.054667308926582336
        ],
        "coil3": [
            -0.07992692291736603,
            -0.02789783477783203,
            0.03366279602050781
        ],
        "coil4": [
            -0.053847912698984146,
            0.08767133951187134,
            0.06959150731563568
        ]
    },
    "HeadCoilCoordinateSystem": "ElektaNeuromag",
    "HeadCoilCoordinateUnits": "m",
    "AnatomicalLandmarkCoordinates": {
        "NAS": [
            0.0,
            0.09942346811294556,
            1.4901161193847656e-08
        ],
        "LPA": [
            -0.0808393657207489,
            0.0,
            7.450580596923828e-09
        ],
        "RPA": [
            0.07673223316669464,
            -2.9802322387695312e-08,
            2.2351741790771484e-08
        ],
        "coil1": [
            0.07322649657726288,
            -0.02870204858481884,
            0.02461189031600952
        ],
        "coil2": [
            0.052135445177555084,
            0.08775950223207474,
            0.054667308926582336
        ],
        "coil3": [
            -0.07992692291736603,
            -0.02789783477783203,
            0.03366279602050781
        ],
        "coil4": [
            -0.053847912698984146,
            0.08767133951187134,
            0.06959150731563568
        ]
    },
    "AnatomicalLandmarkCoordinateSystem": "ElektaNeuromag",
    "AnatomicalLandmarkCoordinateUnits": "m"
}
