{
    "MEGCoordinateSystem": "ElektaNeuromag",
    "MEGCoordinateUnits": "m",
    "MEGCoordinateSystemDescription": "RAS orientation and the origin between the ears",
    "HeadCoilCoordinates": {
        "NAS": [
            -7.450580596923828e-09,
            0.10804077982902527,
            1.0477378964424133e-08
        ],
        "LPA": [
            -0.07240192592144012,
            2.9802322387695312e-08,
            1.1175870895385742e-08
        ],
        "RPA": [
            0.06933797150850296,
            2.9802322387695312e-08,
            6.984919309616089e-10
        ],
        "coil1": [
            0.07184931635856628,
            -0.016621381044387817,
            0.030748922377824783
        ],
        "coil2": [
            0.05498042702674866,
            0.10202870517969131,
            0.05858335271477699
        ],
        "coil3": [
            -0.07446220517158508,
            -0.020990492776036263,
            0.035938482731580734
        ],
        "coil4": [
            -0.05723903328180313,
            0.09680324792861938,
            0.05558400973677635
        ]
    },
    "HeadCoilCoordinateSystem": "ElektaNeuromag",
    "HeadCoilCoordinateUnits": "m",
    "AnatomicalLandmarkCoordinates": {
        "NAS": [
            -7.450580596923828e-09,
            0.10804077982902527,
            1.0477378964424133e-08
        ],
        "LPA": [
            -0.07240192592144012,
            2.9802322387695312e-08,
            1.1175870895385742e-08
        ],
        "RPA": [
            0.06933797150850296,
            2.9802322387695312e-08,
            6.984919309616089e-10
        ],
        "coil1": [
            0.07184931635856628,
            -0.016621381044387817,
            0.030748922377824783
        ],
        "coil2": [
            0.05498042702674866,
            0.10202870517969131,
            0.05858335271477699
        ],
        "coil3": [
            -0.07446220517158508,
            -0.020990492776036263,
            0.035938482731580734
        ],
        "coil4": [
            -0.05723903328180313,
            0.09680324792861938,
            0.05558400973677635
        ]
    },
    "AnatomicalLandmarkCoordinateSystem": "ElektaNeuromag",
    "AnatomicalLandmarkCoordinateUnits": "m"
}
