{
    "MEGCoordinateSystem": "ElektaNeuromag",
    "MEGCoordinateUnits": "m",
    "MEGCoordinateSystemDescription": "RAS orientation and the origin between the ears",
    "HeadCoilCoordinates": {
        "NAS": [
            -3.725290298461914e-09,
            0.10267382860183716,
            -1.30385160446167e-08
        ],
        "LPA": [
            -0.07206922769546509,
            0.0,
            1.862645149230957e-09
        ],
        "RPA": [
            0.07021726667881012,
            -2.9802322387695312e-08,
            6.05359673500061e-09
        ],
        "coil1": [
            0.07074037939310074,
            -0.025212077423930168,
            0.019127313047647476
        ],
        "coil2": [
            0.04277645796537399,
            0.10340911149978638,
            0.050146859139204025
        ],
        "coil3": [
            -0.07024172693490982,
            -0.020267486572265625,
            0.03072034753859043
        ],
        "coil4": [
            -0.04745616763830185,
            0.09848758578300476,
            0.05089838057756424
        ]
    },
    "HeadCoilCoordinateSystem": "ElektaNeuromag",
    "HeadCoilCoordinateUnits": "m",
    "AnatomicalLandmarkCoordinates": {
        "NAS": [
            -3.725290298461914e-09,
            0.10267382860183716,
            -1.30385160446167e-08
        ],
        "LPA": [
            -0.07206922769546509,
            0.0,
            1.862645149230957e-09
        ],
        "RPA": [
            0.07021726667881012,
            -2.9802322387695312e-08,
            6.05359673500061e-09
        ],
        "coil1": [
            0.07074037939310074,
            -0.025212077423930168,
            0.019127313047647476
        ],
        "coil2": [
            0.04277645796537399,
            0.10340911149978638,
            0.050146859139204025
        ],
        "coil3": [
            -0.07024172693490982,
            -0.020267486572265625,
            0.03072034753859043
        ],
        "coil4": [
            -0.04745616763830185,
            0.09848758578300476,
            0.05089838057756424
        ]
    },
    "AnatomicalLandmarkCoordinateSystem": "ElektaNeuromag",
    "AnatomicalLandmarkCoordinateUnits": "m"
}
