{
    "MEGCoordinateSystem": "ElektaNeuromag",
    "MEGCoordinateUnits": "m",
    "MEGCoordinateSystemDescription": "RAS orientation and the origin between the ears",
    "HeadCoilCoordinates": {
        "NAS": [
            0.0,
            0.09784117341041565,
            -7.450580596923828e-09
        ],
        "LPA": [
            -0.07938943058252335,
            0.0,
            0.0
        ],
        "RPA": [
            0.07405529171228409,
            0.0,
            0.0
        ],
        "coil1": [
            0.06904067099094391,
            -0.029781609773635864,
            -0.008426130749285221
        ],
        "coil2": [
            0.04756905883550644,
            0.07517457008361816,
            0.059240348637104034
        ],
        "coil3": [
            -0.07354873418807983,
            -0.0324307382106781,
            0.002330861985683441
        ],
        "coil4": [
            -0.048590049147605896,
            0.07508963346481323,
            0.06029604375362396
        ]
    },
    "HeadCoilCoordinateSystem": "ElektaNeuromag",
    "HeadCoilCoordinateUnits": "m",
    "AnatomicalLandmarkCoordinates": {
        "NAS": [
            0.0,
            0.09784117341041565,
            -7.450580596923828e-09
        ],
        "LPA": [
            -0.07938943058252335,
            0.0,
            0.0
        ],
        "RPA": [
            0.07405529171228409,
            0.0,
            0.0
        ],
        "coil1": [
            0.06904067099094391,
            -0.029781609773635864,
            -0.008426130749285221
        ],
        "coil2": [
            0.04756905883550644,
            0.07517457008361816,
            0.059240348637104034
        ],
        "coil3": [
            -0.07354873418807983,
            -0.0324307382106781,
            0.002330861985683441
        ],
        "coil4": [
            -0.048590049147605896,
            0.07508963346481323,
            0.06029604375362396
        ]
    },
    "AnatomicalLandmarkCoordinateSystem": "ElektaNeuromag",
    "AnatomicalLandmarkCoordinateUnits": "m"
}
