{
    "MEGCoordinateSystem": "ElektaNeuromag",
    "MEGCoordinateUnits": "m",
    "MEGCoordinateSystemDescription": "RAS orientation and the origin between the ears",
    "HeadCoilCoordinates": {
        "NAS": [
            -1.0244548320770264e-08,
            0.10040512681007385,
            1.862645149230957e-09
        ],
        "LPA": [
            -0.07071588933467865,
            2.9802322387695312e-08,
            1.862645149230957e-09
        ],
        "RPA": [
            0.06351599097251892,
            2.9802322387695312e-08,
            3.725290298461914e-09
        ],
        "coil1": [
            0.039064791053533554,
            0.1016441285610199,
            0.05591583251953125
        ],
        "coil2": [
            0.06615554541349411,
            -0.01763133704662323,
            0.030641727149486542
        ],
        "coil3": [
            -0.0730055496096611,
            -0.01768893003463745,
            0.02864651195704937
        ],
        "coil4": [
            -0.04374290630221367,
            0.09820970892906189,
            0.05212130397558212
        ]
    },
    "HeadCoilCoordinateSystem": "ElektaNeuromag",
    "HeadCoilCoordinateUnits": "m",
    "AnatomicalLandmarkCoordinates": {
        "NAS": [
            -1.0244548320770264e-08,
            0.10040512681007385,
            1.862645149230957e-09
        ],
        "LPA": [
            -0.07071588933467865,
            2.9802322387695312e-08,
            1.862645149230957e-09
        ],
        "RPA": [
            0.06351599097251892,
            2.9802322387695312e-08,
            3.725290298461914e-09
        ],
        "coil1": [
            0.039064791053533554,
            0.1016441285610199,
            0.05591583251953125
        ],
        "coil2": [
            0.06615554541349411,
            -0.01763133704662323,
            0.030641727149486542
        ],
        "coil3": [
            -0.0730055496096611,
            -0.01768893003463745,
            0.02864651195704937
        ],
        "coil4": [
            -0.04374290630221367,
            0.09820970892906189,
            0.05212130397558212
        ]
    },
    "AnatomicalLandmarkCoordinateSystem": "ElektaNeuromag",
    "AnatomicalLandmarkCoordinateUnits": "m"
}
