{
    "MEGCoordinateSystem": "ElektaNeuromag",
    "MEGCoordinateUnits": "m",
    "MEGCoordinateSystemDescription": "RAS orientation and the origin between the ears",
    "HeadCoilCoordinates": {
        "NAS": [
            7.916241884231567e-09,
            0.09147024154663086,
            -7.450580596923828e-09
        ],
        "LPA": [
            -0.0656260997056961,
            0.0,
            -3.725290298461914e-09
        ],
        "RPA": [
            0.0677100345492363,
            2.9802322387695312e-08,
            -1.1175870895385742e-08
        ],
        "coil1": [
            -0.06784062832593918,
            -0.026929646730422974,
            0.009498663246631622
        ],
        "coil2": [
            0.06653012335300446,
            -0.023184597492218018,
            0.008268345147371292
        ],
        "coil3": [
            0.02041652426123619,
            0.095868319272995,
            0.06441591680049896
        ],
        "coil4": [
            -0.0290437713265419,
            0.09322160482406616,
            0.05807238817214966
        ]
    },
    "HeadCoilCoordinateSystem": "ElektaNeuromag",
    "HeadCoilCoordinateUnits": "m",
    "AnatomicalLandmarkCoordinates": {
        "NAS": [
            7.916241884231567e-09,
            0.09147024154663086,
            -7.450580596923828e-09
        ],
        "LPA": [
            -0.0656260997056961,
            0.0,
            -3.725290298461914e-09
        ],
        "RPA": [
            0.0677100345492363,
            2.9802322387695312e-08,
            -1.1175870895385742e-08
        ],
        "coil1": [
            -0.06784062832593918,
            -0.026929646730422974,
            0.009498663246631622
        ],
        "coil2": [
            0.06653012335300446,
            -0.023184597492218018,
            0.008268345147371292
        ],
        "coil3": [
            0.02041652426123619,
            0.095868319272995,
            0.06441591680049896
        ],
        "coil4": [
            -0.0290437713265419,
            0.09322160482406616,
            0.05807238817214966
        ]
    },
    "AnatomicalLandmarkCoordinateSystem": "ElektaNeuromag",
    "AnatomicalLandmarkCoordinateUnits": "m"
}
