{
    "MEGCoordinateSystem": "ElektaNeuromag",
    "MEGCoordinateUnits": "m",
    "MEGCoordinateSystemDescription": "RAS orientation and the origin between the ears",
    "HeadCoilCoordinates": {
        "NAS": [
            1.1175870895385742e-08,
            0.10761448740959167,
            0.0
        ],
        "LPA": [
            -0.0821801945567131,
            -2.9802322387695312e-08,
            0.0
        ],
        "RPA": [
            0.07998202741146088,
            -2.9802322387695312e-08,
            0.0
        ],
        "coil1": [
            0.0733749121427536,
            -0.03175458312034607,
            0.019232703372836113
        ],
        "coil2": [
            0.0495489276945591,
            0.10200491547584534,
            0.06178209185600281
        ],
        "coil3": [
            -0.07623855769634247,
            -0.016130834817886353,
            0.036480918526649475
        ],
        "coil4": [
            -0.07111488282680511,
            0.10361716151237488,
            0.04667732119560242
        ]
    },
    "HeadCoilCoordinateSystem": "ElektaNeuromag",
    "HeadCoilCoordinateUnits": "m",
    "AnatomicalLandmarkCoordinates": {
        "NAS": [
            1.1175870895385742e-08,
            0.10761448740959167,
            0.0
        ],
        "LPA": [
            -0.0821801945567131,
            -2.9802322387695312e-08,
            0.0
        ],
        "RPA": [
            0.07998202741146088,
            -2.9802322387695312e-08,
            0.0
        ],
        "coil1": [
            0.0733749121427536,
            -0.03175458312034607,
            0.019232703372836113
        ],
        "coil2": [
            0.0495489276945591,
            0.10200491547584534,
            0.06178209185600281
        ],
        "coil3": [
            -0.07623855769634247,
            -0.016130834817886353,
            0.036480918526649475
        ],
        "coil4": [
            -0.07111488282680511,
            0.10361716151237488,
            0.04667732119560242
        ]
    },
    "AnatomicalLandmarkCoordinateSystem": "ElektaNeuromag",
    "AnatomicalLandmarkCoordinateUnits": "m"
}
