{
    "MEGCoordinateSystem": "ElektaNeuromag",
    "MEGCoordinateUnits": "m",
    "MEGCoordinateSystemDescription": "RAS orientation and the origin between the ears",
    "HeadCoilCoordinates": {
        "NAS": [
            -0.0,
            0.09773000329732895,
            -0.0
        ],
        "LPA": [
            -0.06973999738693237,
            0.0,
            -0.0
        ],
        "RPA": [
            0.07553999871015549,
            0.0,
            -0.0
        ],
        "coil1": [
            -0.0658000037074089,
            -0.029529999941587448,
            -0.0029899999499320984
        ],
        "coil2": [
            -0.047529999166727066,
            0.0926700010895729,
            0.05341000109910965
        ],
        "coil3": [
            -0.001509999972768128,
            0.10605999827384949,
            0.05777999758720398
        ],
        "coil4": [
            0.038040000945329666,
            0.0936100035905838,
            0.062060002237558365
        ],
        "coil5": [
            0.06908000260591507,
            -0.03618000075221062,
            0.01711999997496605
        ]
    },
    "HeadCoilCoordinateSystem": "ElektaNeuromag",
    "HeadCoilCoordinateUnits": "m",
    "AnatomicalLandmarkCoordinates": {
        "NAS": [
            -0.0,
            0.09773000329732895,
            -0.0
        ],
        "LPA": [
            -0.06973999738693237,
            0.0,
            -0.0
        ],
        "RPA": [
            0.07553999871015549,
            0.0,
            -0.0
        ],
        "coil1": [
            -0.0658000037074089,
            -0.029529999941587448,
            -0.0029899999499320984
        ],
        "coil2": [
            -0.047529999166727066,
            0.0926700010895729,
            0.05341000109910965
        ],
        "coil3": [
            -0.001509999972768128,
            0.10605999827384949,
            0.05777999758720398
        ],
        "coil4": [
            0.038040000945329666,
            0.0936100035905838,
            0.062060002237558365
        ],
        "coil5": [
            0.06908000260591507,
            -0.03618000075221062,
            0.01711999997496605
        ]
    },
    "AnatomicalLandmarkCoordinateSystem": "ElektaNeuromag",
    "AnatomicalLandmarkCoordinateUnits": "m"
}
