{
    "MEGCoordinateSystem": "ElektaNeuromag",
    "MEGCoordinateUnits": "m",
    "MEGCoordinateSystemDescription": "RAS orientation and the origin between the ears",
    "HeadCoilCoordinates": {
        "NAS": [
            3.725290298461914e-09,
            0.10707712173461914,
            0.0
        ],
        "LPA": [
            -0.07006760686635971,
            5.960464477539063e-08,
            -3.725290298461914e-09
        ],
        "RPA": [
            0.06832090020179749,
            2.9802322387695312e-08,
            7.450580596923828e-09
        ],
        "coil1": [
            0.06896364688873291,
            -0.024653583765029907,
            0.020953908562660217
        ],
        "coil2": [
            0.05522492527961731,
            0.08183372020721436,
            0.07961694896221161
        ],
        "coil3": [
            -0.06793591380119324,
            -0.028560517355799675,
            0.013583023101091385
        ],
        "coil4": [
            -0.0582115463912487,
            0.08646434545516968,
            0.07647345215082169
        ]
    },
    "HeadCoilCoordinateSystem": "ElektaNeuromag",
    "HeadCoilCoordinateUnits": "m",
    "AnatomicalLandmarkCoordinates": {
        "NAS": [
            3.725290298461914e-09,
            0.10707712173461914,
            0.0
        ],
        "LPA": [
            -0.07006760686635971,
            5.960464477539063e-08,
            -3.725290298461914e-09
        ],
        "RPA": [
            0.06832090020179749,
            2.9802322387695312e-08,
            7.450580596923828e-09
        ],
        "coil1": [
            0.06896364688873291,
            -0.024653583765029907,
            0.020953908562660217
        ],
        "coil2": [
            0.05522492527961731,
            0.08183372020721436,
            0.07961694896221161
        ],
        "coil3": [
            -0.06793591380119324,
            -0.028560517355799675,
            0.013583023101091385
        ],
        "coil4": [
            -0.0582115463912487,
            0.08646434545516968,
            0.07647345215082169
        ]
    },
    "AnatomicalLandmarkCoordinateSystem": "ElektaNeuromag",
    "AnatomicalLandmarkCoordinateUnits": "m"
}
