{
    "MEGCoordinateSystem": "ElektaNeuromag",
    "MEGCoordinateUnits": "m",
    "MEGCoordinateSystemDescription": "RAS orientation and the origin between the ears",
    "HeadCoilCoordinates": {
        "NAS": [
            -1.1175870895385742e-08,
            0.09509941935539246,
            -1.4901161193847656e-08
        ],
        "LPA": [
            -0.06880147010087967,
            2.9802322387695312e-08,
            -1.1175870895385742e-08
        ],
        "RPA": [
            0.06776492297649384,
            0.0,
            -7.450580596923828e-09
        ],
        "coil1": [
            0.07039430737495422,
            -0.02473771758377552,
            0.01800629496574402
        ],
        "coil2": [
            0.05775237828493118,
            0.07909843325614929,
            0.06375917047262192
        ],
        "coil3": [
            -0.0647292360663414,
            -0.032566606998443604,
            0.01746426522731781
        ],
        "coil4": [
            -0.05497406795620918,
            0.08385360240936279,
            0.062383390963077545
        ]
    },
    "HeadCoilCoordinateSystem": "ElektaNeuromag",
    "HeadCoilCoordinateUnits": "m",
    "AnatomicalLandmarkCoordinates": {
        "NAS": [
            -1.1175870895385742e-08,
            0.09509941935539246,
            -1.4901161193847656e-08
        ],
        "LPA": [
            -0.06880147010087967,
            2.9802322387695312e-08,
            -1.1175870895385742e-08
        ],
        "RPA": [
            0.06776492297649384,
            0.0,
            -7.450580596923828e-09
        ],
        "coil1": [
            0.07039430737495422,
            -0.02473771758377552,
            0.01800629496574402
        ],
        "coil2": [
            0.05775237828493118,
            0.07909843325614929,
            0.06375917047262192
        ],
        "coil3": [
            -0.0647292360663414,
            -0.032566606998443604,
            0.01746426522731781
        ],
        "coil4": [
            -0.05497406795620918,
            0.08385360240936279,
            0.062383390963077545
        ]
    },
    "AnatomicalLandmarkCoordinateSystem": "ElektaNeuromag",
    "AnatomicalLandmarkCoordinateUnits": "m"
}
