{
    "MEGCoordinateSystem": "ElektaNeuromag",
    "MEGCoordinateUnits": "m",
    "MEGCoordinateSystemDescription": "RAS orientation and the origin between the ears",
    "HeadCoilCoordinates": {
        "NAS": [
            3.725290298461914e-09,
            0.10757380723953247,
            0.0
        ],
        "LPA": [
            -0.0766155868768692,
            2.9802322387695312e-08,
            -7.450580596923828e-09
        ],
        "RPA": [
            0.073750801384449,
            0.0,
            -1.4901161193847656e-08
        ],
        "coil1": [
            0.07607603818178177,
            -0.03282052278518677,
            0.007652669679373503
        ],
        "coil2": [
            0.054421212524175644,
            0.08124810457229614,
            0.052224647253751755
        ],
        "coil3": [
            -0.07415542006492615,
            -0.034545063972473145,
            0.006936029065400362
        ],
        "coil4": [
            -0.055465005338191986,
            0.07928070425987244,
            0.05361172929406166
        ]
    },
    "HeadCoilCoordinateSystem": "ElektaNeuromag",
    "HeadCoilCoordinateUnits": "m",
    "AnatomicalLandmarkCoordinates": {
        "NAS": [
            3.725290298461914e-09,
            0.10757380723953247,
            0.0
        ],
        "LPA": [
            -0.0766155868768692,
            2.9802322387695312e-08,
            -7.450580596923828e-09
        ],
        "RPA": [
            0.073750801384449,
            0.0,
            -1.4901161193847656e-08
        ],
        "coil1": [
            0.07607603818178177,
            -0.03282052278518677,
            0.007652669679373503
        ],
        "coil2": [
            0.054421212524175644,
            0.08124810457229614,
            0.052224647253751755
        ],
        "coil3": [
            -0.07415542006492615,
            -0.034545063972473145,
            0.006936029065400362
        ],
        "coil4": [
            -0.055465005338191986,
            0.07928070425987244,
            0.05361172929406166
        ]
    },
    "AnatomicalLandmarkCoordinateSystem": "ElektaNeuromag",
    "AnatomicalLandmarkCoordinateUnits": "m"
}
