{
    "MEGCoordinateSystem": "ElektaNeuromag",
    "MEGCoordinateUnits": "m",
    "MEGCoordinateSystemDescription": "RAS orientation and the origin between the ears",
    "HeadCoilCoordinates": {
        "NAS": [
            0.0,
            0.09403999894857407,
            0.0
        ],
        "LPA": [
            -0.06916999816894531,
            0.0,
            -0.0
        ],
        "RPA": [
            0.07654000073671341,
            0.0,
            -0.0
        ],
        "coil1": [
            -0.06352999806404114,
            -0.027729999274015427,
            0.004050000105053186
        ],
        "coil2": [
            -0.05479000136256218,
            0.07175999879837036,
            0.022509999573230743
        ],
        "coil3": [
            -0.010409999638795853,
            0.10387000441551208,
            0.02857000008225441
        ],
        "coil4": [
            0.04795999825000763,
            0.08729000389575958,
            0.02864000014960766
        ],
        "coil5": [
            0.06773000210523605,
            -0.034060001373291016,
            0.005900000222027302
        ]
    },
    "HeadCoilCoordinateSystem": "ElektaNeuromag",
    "HeadCoilCoordinateUnits": "m",
    "AnatomicalLandmarkCoordinates": {
        "NAS": [
            0.0,
            0.09403999894857407,
            0.0
        ],
        "LPA": [
            -0.06916999816894531,
            0.0,
            -0.0
        ],
        "RPA": [
            0.07654000073671341,
            0.0,
            -0.0
        ],
        "coil1": [
            -0.06352999806404114,
            -0.027729999274015427,
            0.004050000105053186
        ],
        "coil2": [
            -0.05479000136256218,
            0.07175999879837036,
            0.022509999573230743
        ],
        "coil3": [
            -0.010409999638795853,
            0.10387000441551208,
            0.02857000008225441
        ],
        "coil4": [
            0.04795999825000763,
            0.08729000389575958,
            0.02864000014960766
        ],
        "coil5": [
            0.06773000210523605,
            -0.034060001373291016,
            0.005900000222027302
        ]
    },
    "AnatomicalLandmarkCoordinateSystem": "ElektaNeuromag",
    "AnatomicalLandmarkCoordinateUnits": "m"
}
