{
    "MEGCoordinateSystem": "ElektaNeuromag",
    "MEGCoordinateUnits": "m",
    "MEGCoordinateSystemDescription": "RAS orientation and the origin between the ears",
    "HeadCoilCoordinates": {
        "NAS": [
            -7.450580596923828e-09,
            0.1049531102180481,
            -9.313225746154785e-10
        ],
        "LPA": [
            -0.07223506271839142,
            0.0,
            -4.6566128730773926e-09
        ],
        "RPA": [
            0.07233278453350067,
            0.0,
            -8.381903171539307e-09
        ],
        "coil1": [
            0.07498691976070404,
            -0.026552855968475342,
            0.03265010565519333
        ],
        "coil2": [
            0.05215541273355484,
            0.0944090187549591,
            0.06489205360412598
        ],
        "coil3": [
            -0.07004354894161224,
            -0.022494971752166748,
            0.027857549488544464
        ],
        "coil4": [
            -0.05853385850787163,
            0.09806996583938599,
            0.0577537827193737
        ]
    },
    "HeadCoilCoordinateSystem": "ElektaNeuromag",
    "HeadCoilCoordinateUnits": "m",
    "AnatomicalLandmarkCoordinates": {
        "NAS": [
            -7.450580596923828e-09,
            0.1049531102180481,
            -9.313225746154785e-10
        ],
        "LPA": [
            -0.07223506271839142,
            0.0,
            -4.6566128730773926e-09
        ],
        "RPA": [
            0.07233278453350067,
            0.0,
            -8.381903171539307e-09
        ],
        "coil1": [
            0.07498691976070404,
            -0.026552855968475342,
            0.03265010565519333
        ],
        "coil2": [
            0.05215541273355484,
            0.0944090187549591,
            0.06489205360412598
        ],
        "coil3": [
            -0.07004354894161224,
            -0.022494971752166748,
            0.027857549488544464
        ],
        "coil4": [
            -0.05853385850787163,
            0.09806996583938599,
            0.0577537827193737
        ]
    },
    "AnatomicalLandmarkCoordinateSystem": "ElektaNeuromag",
    "AnatomicalLandmarkCoordinateUnits": "m"
}
