{
    "MEGCoordinateSystem": "ElektaNeuromag",
    "MEGCoordinateUnits": "m",
    "MEGCoordinateSystemDescription": "RAS orientation and the origin between the ears",
    "HeadCoilCoordinates": {
        "NAS": [
            0.0,
            0.09551608562469482,
            9.313225746154785e-09
        ],
        "LPA": [
            -0.06805089861154556,
            2.9802322387695312e-08,
            9.313225746154785e-09
        ],
        "RPA": [
            0.07112196087837219,
            0.0,
            1.1175870895385742e-08
        ],
        "coil1": [
            0.07152543216943741,
            -0.026921242475509644,
            0.021826423704624176
        ],
        "coil2": [
            0.05484238266944885,
            0.0943136215209961,
            0.06797941774129868
        ],
        "coil3": [
            -0.050535283982753754,
            0.08793500065803528,
            0.07247120141983032
        ],
        "coil4": [
            -0.06876558065414429,
            -0.020143955945968628,
            0.037504859268665314
        ]
    },
    "HeadCoilCoordinateSystem": "ElektaNeuromag",
    "HeadCoilCoordinateUnits": "m",
    "AnatomicalLandmarkCoordinates": {
        "NAS": [
            0.0,
            0.09551608562469482,
            9.313225746154785e-09
        ],
        "LPA": [
            -0.06805089861154556,
            2.9802322387695312e-08,
            9.313225746154785e-09
        ],
        "RPA": [
            0.07112196087837219,
            0.0,
            1.1175870895385742e-08
        ],
        "coil1": [
            0.07152543216943741,
            -0.026921242475509644,
            0.021826423704624176
        ],
        "coil2": [
            0.05484238266944885,
            0.0943136215209961,
            0.06797941774129868
        ],
        "coil3": [
            -0.050535283982753754,
            0.08793500065803528,
            0.07247120141983032
        ],
        "coil4": [
            -0.06876558065414429,
            -0.020143955945968628,
            0.037504859268665314
        ]
    },
    "AnatomicalLandmarkCoordinateSystem": "ElektaNeuromag",
    "AnatomicalLandmarkCoordinateUnits": "m"
}
