{
    "MEGCoordinateSystem": "ElektaNeuromag",
    "MEGCoordinateUnits": "m",
    "MEGCoordinateSystemDescription": "RAS orientation and the origin between the ears",
    "HeadCoilCoordinates": {
        "NAS": [
            7.450580596923828e-09,
            0.09636899828910828,
            7.2177499532699585e-09
        ],
        "LPA": [
            -0.07050488889217377,
            -2.9802322387695312e-08,
            8.847564458847046e-09
        ],
        "RPA": [
            0.06883540004491806,
            0.0,
            9.778887033462524e-09
        ],
        "coil1": [
            0.07240435481071472,
            -0.020792752504348755,
            0.03917756676673889
        ],
        "coil2": [
            0.05469072237610817,
            0.08307027071714401,
            0.0685591772198677
        ],
        "coil3": [
            -0.07507405430078506,
            -0.023164808750152588,
            0.028230948373675346
        ],
        "coil4": [
            -0.06147785857319832,
            0.08865547180175781,
            0.04529428854584694
        ]
    },
    "HeadCoilCoordinateSystem": "ElektaNeuromag",
    "HeadCoilCoordinateUnits": "m",
    "AnatomicalLandmarkCoordinates": {
        "NAS": [
            7.450580596923828e-09,
            0.09636899828910828,
            7.2177499532699585e-09
        ],
        "LPA": [
            -0.07050488889217377,
            -2.9802322387695312e-08,
            8.847564458847046e-09
        ],
        "RPA": [
            0.06883540004491806,
            0.0,
            9.778887033462524e-09
        ],
        "coil1": [
            0.07240435481071472,
            -0.020792752504348755,
            0.03917756676673889
        ],
        "coil2": [
            0.05469072237610817,
            0.08307027071714401,
            0.0685591772198677
        ],
        "coil3": [
            -0.07507405430078506,
            -0.023164808750152588,
            0.028230948373675346
        ],
        "coil4": [
            -0.06147785857319832,
            0.08865547180175781,
            0.04529428854584694
        ]
    },
    "AnatomicalLandmarkCoordinateSystem": "ElektaNeuromag",
    "AnatomicalLandmarkCoordinateUnits": "m"
}
