{
    "MEGCoordinateSystem": "ElektaNeuromag",
    "MEGCoordinateUnits": "m",
    "MEGCoordinateSystemDescription": "RAS orientation and the origin between the ears",
    "HeadCoilCoordinates": {
        "NAS": [
            -5.587935447692871e-09,
            0.09670406579971313,
            0.0
        ],
        "LPA": [
            -0.06568778306245804,
            0.0,
            0.0
        ],
        "RPA": [
            0.06513350456953049,
            -2.9802322387695312e-08,
            0.0
        ],
        "coil1": [
            -0.0382523313164711,
            0.10531365871429443,
            0.06085730344057083
        ],
        "coil2": [
            -0.06905373185873032,
            -0.01688697747886181,
            0.03521892800927162
        ],
        "coil3": [
            0.06918612867593765,
            -0.02029433846473694,
            0.024285946041345596
        ],
        "coil4": [
            0.040050361305475235,
            0.10213929414749146,
            0.05556516721844673
        ]
    },
    "HeadCoilCoordinateSystem": "ElektaNeuromag",
    "HeadCoilCoordinateUnits": "m",
    "AnatomicalLandmarkCoordinates": {
        "NAS": [
            -5.587935447692871e-09,
            0.09670406579971313,
            0.0
        ],
        "LPA": [
            -0.06568778306245804,
            0.0,
            0.0
        ],
        "RPA": [
            0.06513350456953049,
            -2.9802322387695312e-08,
            0.0
        ],
        "coil1": [
            -0.0382523313164711,
            0.10531365871429443,
            0.06085730344057083
        ],
        "coil2": [
            -0.06905373185873032,
            -0.01688697747886181,
            0.03521892800927162
        ],
        "coil3": [
            0.06918612867593765,
            -0.02029433846473694,
            0.024285946041345596
        ],
        "coil4": [
            0.040050361305475235,
            0.10213929414749146,
            0.05556516721844673
        ]
    },
    "AnatomicalLandmarkCoordinateSystem": "ElektaNeuromag",
    "AnatomicalLandmarkCoordinateUnits": "m"
}
