{
    "MEGCoordinateSystem": "ElektaNeuromag",
    "MEGCoordinateUnits": "m",
    "MEGCoordinateSystemDescription": "RAS orientation and the origin between the ears",
    "HeadCoilCoordinates": {
        "NAS": [
            -5.587935447692871e-09,
            0.10041725635528564,
            7.450580596923828e-09
        ],
        "LPA": [
            -0.07822958379983902,
            0.0,
            0.0
        ],
        "RPA": [
            0.07912139594554901,
            2.9802322387695312e-08,
            0.0
        ],
        "coil1": [
            0.07776421308517456,
            -0.017838776111602783,
            0.04275042191147804
        ],
        "coil2": [
            0.05619148164987564,
            0.09135502576828003,
            0.05204686522483826
        ],
        "coil3": [
            -0.07816922664642334,
            -0.018450021743774414,
            0.03519108518958092
        ],
        "coil4": [
            -0.051139503717422485,
            0.09188547730445862,
            0.058745045214891434
        ]
    },
    "HeadCoilCoordinateSystem": "ElektaNeuromag",
    "HeadCoilCoordinateUnits": "m",
    "AnatomicalLandmarkCoordinates": {
        "NAS": [
            -5.587935447692871e-09,
            0.10041725635528564,
            7.450580596923828e-09
        ],
        "LPA": [
            -0.07822958379983902,
            0.0,
            0.0
        ],
        "RPA": [
            0.07912139594554901,
            2.9802322387695312e-08,
            0.0
        ],
        "coil1": [
            0.07776421308517456,
            -0.017838776111602783,
            0.04275042191147804
        ],
        "coil2": [
            0.05619148164987564,
            0.09135502576828003,
            0.05204686522483826
        ],
        "coil3": [
            -0.07816922664642334,
            -0.018450021743774414,
            0.03519108518958092
        ],
        "coil4": [
            -0.051139503717422485,
            0.09188547730445862,
            0.058745045214891434
        ]
    },
    "AnatomicalLandmarkCoordinateSystem": "ElektaNeuromag",
    "AnatomicalLandmarkCoordinateUnits": "m"
}
