{
    "MEGCoordinateSystem": "ElektaNeuromag",
    "MEGCoordinateUnits": "m",
    "MEGCoordinateSystemDescription": "RAS orientation and the origin between the ears",
    "HeadCoilCoordinates": {
        "NAS": [
            1.862645149230957e-09,
            0.10202541947364807,
            -7.450580596923828e-09
        ],
        "LPA": [
            -0.06780281662940979,
            -5.960464477539063e-08,
            -3.725290298461914e-09
        ],
        "RPA": [
            0.06906773149967194,
            -2.9802322387695312e-08,
            -7.450580596923828e-09
        ],
        "coil1": [
            -0.06753040850162506,
            -0.021274253726005554,
            0.02163805440068245
        ],
        "coil2": [
            -0.04554983600974083,
            0.1002860963344574,
            0.04705629125237465
        ],
        "coil3": [
            0.046707913279533386,
            0.09779894351959229,
            0.04676027595996857
        ],
        "coil4": [
            0.06853711605072021,
            -0.025759443640708923,
            0.02336857095360756
        ]
    },
    "HeadCoilCoordinateSystem": "ElektaNeuromag",
    "HeadCoilCoordinateUnits": "m",
    "AnatomicalLandmarkCoordinates": {
        "NAS": [
            1.862645149230957e-09,
            0.10202541947364807,
            -7.450580596923828e-09
        ],
        "LPA": [
            -0.06780281662940979,
            -5.960464477539063e-08,
            -3.725290298461914e-09
        ],
        "RPA": [
            0.06906773149967194,
            -2.9802322387695312e-08,
            -7.450580596923828e-09
        ],
        "coil1": [
            -0.06753040850162506,
            -0.021274253726005554,
            0.02163805440068245
        ],
        "coil2": [
            -0.04554983600974083,
            0.1002860963344574,
            0.04705629125237465
        ],
        "coil3": [
            0.046707913279533386,
            0.09779894351959229,
            0.04676027595996857
        ],
        "coil4": [
            0.06853711605072021,
            -0.025759443640708923,
            0.02336857095360756
        ]
    },
    "AnatomicalLandmarkCoordinateSystem": "ElektaNeuromag",
    "AnatomicalLandmarkCoordinateUnits": "m"
}
