{
    "MEGCoordinateSystem": "ElektaNeuromag",
    "MEGCoordinateUnits": "m",
    "MEGCoordinateSystemDescription": "RAS orientation and the origin between the ears",
    "HeadCoilCoordinates": {
        "NAS": [
            -3.725290298461914e-09,
            0.09732002019882202,
            1.862645149230957e-09
        ],
        "LPA": [
            -0.06421604752540588,
            0.0,
            1.862645149230957e-09
        ],
        "RPA": [
            0.06357875466346741,
            0.0,
            1.862645149230957e-09
        ],
        "coil1": [
            -0.07231715321540833,
            -0.02231582999229431,
            0.024658117443323135
        ],
        "coil2": [
            0.06816454976797104,
            -0.025390848517417908,
            0.0253763385117054
        ],
        "coil3": [
            0.047512300312519073,
            0.08819460868835449,
            0.05811723321676254
        ],
        "coil4": [
            -0.049365244805812836,
            0.09391695261001587,
            0.058956608176231384
        ]
    },
    "HeadCoilCoordinateSystem": "ElektaNeuromag",
    "HeadCoilCoordinateUnits": "m",
    "AnatomicalLandmarkCoordinates": {
        "NAS": [
            -3.725290298461914e-09,
            0.09732002019882202,
            1.862645149230957e-09
        ],
        "LPA": [
            -0.06421604752540588,
            0.0,
            1.862645149230957e-09
        ],
        "RPA": [
            0.06357875466346741,
            0.0,
            1.862645149230957e-09
        ],
        "coil1": [
            -0.07231715321540833,
            -0.02231582999229431,
            0.024658117443323135
        ],
        "coil2": [
            0.06816454976797104,
            -0.025390848517417908,
            0.0253763385117054
        ],
        "coil3": [
            0.047512300312519073,
            0.08819460868835449,
            0.05811723321676254
        ],
        "coil4": [
            -0.049365244805812836,
            0.09391695261001587,
            0.058956608176231384
        ]
    },
    "AnatomicalLandmarkCoordinateSystem": "ElektaNeuromag",
    "AnatomicalLandmarkCoordinateUnits": "m"
}
