{
    "MEGCoordinateSystem": "ElektaNeuromag",
    "MEGCoordinateUnits": "m",
    "MEGCoordinateSystemDescription": "RAS orientation and the origin between the ears",
    "HeadCoilCoordinates": {
        "NAS": [
            3.725290298461914e-09,
            0.09550973773002625,
            -7.450580596923828e-09
        ],
        "LPA": [
            -0.07367969304323196,
            0.0,
            9.313225746154785e-09
        ],
        "RPA": [
            0.07240697741508484,
            0.0,
            7.450580596923828e-09
        ],
        "coil1": [
            0.07607216387987137,
            -0.026549339294433594,
            0.032096438109874725
        ],
        "coil2": [
            0.05847616493701935,
            0.0893147885799408,
            0.07605143636465073
        ],
        "coil3": [
            -0.07879528403282166,
            -0.020662546157836914,
            0.03206251934170723
        ],
        "coil4": [
            -0.05316871777176857,
            0.09829878807067871,
            0.06423225998878479
        ]
    },
    "HeadCoilCoordinateSystem": "ElektaNeuromag",
    "HeadCoilCoordinateUnits": "m",
    "AnatomicalLandmarkCoordinates": {
        "NAS": [
            3.725290298461914e-09,
            0.09550973773002625,
            -7.450580596923828e-09
        ],
        "LPA": [
            -0.07367969304323196,
            0.0,
            9.313225746154785e-09
        ],
        "RPA": [
            0.07240697741508484,
            0.0,
            7.450580596923828e-09
        ],
        "coil1": [
            0.07607216387987137,
            -0.026549339294433594,
            0.032096438109874725
        ],
        "coil2": [
            0.05847616493701935,
            0.0893147885799408,
            0.07605143636465073
        ],
        "coil3": [
            -0.07879528403282166,
            -0.020662546157836914,
            0.03206251934170723
        ],
        "coil4": [
            -0.05316871777176857,
            0.09829878807067871,
            0.06423225998878479
        ]
    },
    "AnatomicalLandmarkCoordinateSystem": "ElektaNeuromag",
    "AnatomicalLandmarkCoordinateUnits": "m"
}
