{
    "MEGCoordinateSystem": "ElektaNeuromag",
    "MEGCoordinateUnits": "m",
    "MEGCoordinateSystemDescription": "RAS orientation and the origin between the ears",
    "HeadCoilCoordinates": {
        "NAS": [
            -1.1175870895385742e-08,
            0.09729841351509094,
            -3.725290298461914e-09
        ],
        "LPA": [
            -0.06583302468061447,
            0.0,
            0.0
        ],
        "RPA": [
            0.0673140436410904,
            0.0,
            -3.725290298461914e-09
        ],
        "coil1": [
            -0.05838990956544876,
            -0.022040633484721184,
            0.002671618014574051
        ],
        "coil2": [
            -0.053281933069229126,
            0.08497107028961182,
            0.036743827164173126
        ],
        "coil3": [
            0.032372213900089264,
            0.10119664669036865,
            0.04734750837087631
        ],
        "coil4": [
            0.06350819766521454,
            -0.02193775773048401,
            0.016724633052945137
        ]
    },
    "HeadCoilCoordinateSystem": "ElektaNeuromag",
    "HeadCoilCoordinateUnits": "m",
    "AnatomicalLandmarkCoordinates": {
        "NAS": [
            -1.1175870895385742e-08,
            0.09729841351509094,
            -3.725290298461914e-09
        ],
        "LPA": [
            -0.06583302468061447,
            0.0,
            0.0
        ],
        "RPA": [
            0.0673140436410904,
            0.0,
            -3.725290298461914e-09
        ],
        "coil1": [
            -0.05838990956544876,
            -0.022040633484721184,
            0.002671618014574051
        ],
        "coil2": [
            -0.053281933069229126,
            0.08497107028961182,
            0.036743827164173126
        ],
        "coil3": [
            0.032372213900089264,
            0.10119664669036865,
            0.04734750837087631
        ],
        "coil4": [
            0.06350819766521454,
            -0.02193775773048401,
            0.016724633052945137
        ]
    },
    "AnatomicalLandmarkCoordinateSystem": "ElektaNeuromag",
    "AnatomicalLandmarkCoordinateUnits": "m"
}
