{
    "MEGCoordinateSystem": "ElektaNeuromag",
    "MEGCoordinateUnits": "m",
    "MEGCoordinateSystemDescription": "RAS orientation and the origin between the ears",
    "HeadCoilCoordinates": {
        "NAS": [
            -1.0477378964424133e-09,
            0.0905139148235321,
            0.0
        ],
        "LPA": [
            -0.06741826981306076,
            0.0,
            1.4901161193847656e-08
        ],
        "RPA": [
            0.07034759223461151,
            2.9802322387695312e-08,
            7.450580596923828e-09
        ],
        "coil1": [
            0.0712815597653389,
            -0.027147887274622917,
            0.027887098491191864
        ],
        "coil2": [
            0.04696724936366081,
            0.07875970005989075,
            0.06662674248218536
        ],
        "coil3": [
            -0.06733071058988571,
            -0.02480071783065796,
            0.02835380844771862
        ],
        "coil4": [
            -0.05547913908958435,
            0.07755288481712341,
            0.05561524257063866
        ]
    },
    "HeadCoilCoordinateSystem": "ElektaNeuromag",
    "HeadCoilCoordinateUnits": "m",
    "AnatomicalLandmarkCoordinates": {
        "NAS": [
            -1.0477378964424133e-09,
            0.0905139148235321,
            0.0
        ],
        "LPA": [
            -0.06741826981306076,
            0.0,
            1.4901161193847656e-08
        ],
        "RPA": [
            0.07034759223461151,
            2.9802322387695312e-08,
            7.450580596923828e-09
        ],
        "coil1": [
            0.0712815597653389,
            -0.027147887274622917,
            0.027887098491191864
        ],
        "coil2": [
            0.04696724936366081,
            0.07875970005989075,
            0.06662674248218536
        ],
        "coil3": [
            -0.06733071058988571,
            -0.02480071783065796,
            0.02835380844771862
        ],
        "coil4": [
            -0.05547913908958435,
            0.07755288481712341,
            0.05561524257063866
        ]
    },
    "AnatomicalLandmarkCoordinateSystem": "ElektaNeuromag",
    "AnatomicalLandmarkCoordinateUnits": "m"
}
