{
    "MEGCoordinateSystem": "ElektaNeuromag",
    "MEGCoordinateUnits": "m",
    "MEGCoordinateSystemDescription": "RAS orientation and the origin between the ears",
    "HeadCoilCoordinates": {
        "NAS": [
            -3.725290298461914e-09,
            0.09010899066925049,
            7.450580596923828e-09
        ],
        "LPA": [
            -0.0700593888759613,
            -2.9802322387695312e-08,
            1.4901161193847656e-08
        ],
        "RPA": [
            0.06648793071508408,
            -2.9802322387695312e-08,
            1.4901161193847656e-08
        ],
        "coil1": [
            0.0510784275829792,
            0.055208951234817505,
            0.06877772510051727
        ],
        "coil2": [
            0.0660330131649971,
            -0.031505972146987915,
            0.006824895739555359
        ],
        "coil3": [
            -0.07286324352025986,
            -0.025942832231521606,
            0.003729156916961074
        ],
        "coil4": [
            -0.04533582180738449,
            0.06530985236167908,
            0.06267476081848145
        ]
    },
    "HeadCoilCoordinateSystem": "ElektaNeuromag",
    "HeadCoilCoordinateUnits": "m",
    "AnatomicalLandmarkCoordinates": {
        "NAS": [
            -3.725290298461914e-09,
            0.09010899066925049,
            7.450580596923828e-09
        ],
        "LPA": [
            -0.0700593888759613,
            -2.9802322387695312e-08,
            1.4901161193847656e-08
        ],
        "RPA": [
            0.06648793071508408,
            -2.9802322387695312e-08,
            1.4901161193847656e-08
        ],
        "coil1": [
            0.0510784275829792,
            0.055208951234817505,
            0.06877772510051727
        ],
        "coil2": [
            0.0660330131649971,
            -0.031505972146987915,
            0.006824895739555359
        ],
        "coil3": [
            -0.07286324352025986,
            -0.025942832231521606,
            0.003729156916961074
        ],
        "coil4": [
            -0.04533582180738449,
            0.06530985236167908,
            0.06267476081848145
        ]
    },
    "AnatomicalLandmarkCoordinateSystem": "ElektaNeuromag",
    "AnatomicalLandmarkCoordinateUnits": "m"
}
