{
    "MEGCoordinateSystem": "ElektaNeuromag",
    "MEGCoordinateUnits": "m",
    "MEGCoordinateSystemDescription": "RAS orientation and the origin between the ears",
    "HeadCoilCoordinates": {
        "NAS": [
            9.313225746154785e-10,
            0.0924479067325592,
            8.381903171539307e-09
        ],
        "LPA": [
            -0.06667955219745636,
            -2.9802322387695312e-08,
            1.862645149230957e-09
        ],
        "RPA": [
            0.06538724899291992,
            0.0,
            1.210719347000122e-08
        ],
        "coil1": [
            -0.06977808475494385,
            -0.017507940530776978,
            0.029754184186458588
        ],
        "coil2": [
            0.068331778049469,
            -0.02156636118888855,
            0.02139940857887268
        ],
        "coil3": [
            0.02139968052506447,
            0.10559183359146118,
            0.03418117016553879
        ],
        "coil4": [
            -0.014796111732721329,
            0.10986292362213135,
            0.0483698807656765
        ]
    },
    "HeadCoilCoordinateSystem": "ElektaNeuromag",
    "HeadCoilCoordinateUnits": "m",
    "AnatomicalLandmarkCoordinates": {
        "NAS": [
            9.313225746154785e-10,
            0.0924479067325592,
            8.381903171539307e-09
        ],
        "LPA": [
            -0.06667955219745636,
            -2.9802322387695312e-08,
            1.862645149230957e-09
        ],
        "RPA": [
            0.06538724899291992,
            0.0,
            1.210719347000122e-08
        ],
        "coil1": [
            -0.06977808475494385,
            -0.017507940530776978,
            0.029754184186458588
        ],
        "coil2": [
            0.068331778049469,
            -0.02156636118888855,
            0.02139940857887268
        ],
        "coil3": [
            0.02139968052506447,
            0.10559183359146118,
            0.03418117016553879
        ],
        "coil4": [
            -0.014796111732721329,
            0.10986292362213135,
            0.0483698807656765
        ]
    },
    "AnatomicalLandmarkCoordinateSystem": "ElektaNeuromag",
    "AnatomicalLandmarkCoordinateUnits": "m"
}
