{
    "MEGCoordinateSystem": "ElektaNeuromag",
    "MEGCoordinateUnits": "m",
    "MEGCoordinateSystemDescription": "RAS orientation and the origin between the ears",
    "HeadCoilCoordinates": {
        "NAS": [
            1.3969838619232178e-09,
            0.09010615944862366,
            -3.725290298461914e-09
        ],
        "LPA": [
            -0.06766468286514282,
            2.9802322387695312e-08,
            -7.450580596923828e-09
        ],
        "RPA": [
            0.06490063667297363,
            5.960464477539063e-08,
            -7.450580596923828e-09
        ],
        "coil1": [
            0.06723958998918533,
            -0.02994060516357422,
            0.012220773845911026
        ],
        "coil2": [
            0.04448100924491882,
            0.08258259296417236,
            0.06292759627103806
        ],
        "coil3": [
            -0.0686272531747818,
            -0.029176175594329834,
            0.016348863020539284
        ],
        "coil4": [
            -0.048305004835128784,
            0.07550019025802612,
            0.06393338739871979
        ]
    },
    "HeadCoilCoordinateSystem": "ElektaNeuromag",
    "HeadCoilCoordinateUnits": "m",
    "AnatomicalLandmarkCoordinates": {
        "NAS": [
            1.3969838619232178e-09,
            0.09010615944862366,
            -3.725290298461914e-09
        ],
        "LPA": [
            -0.06766468286514282,
            2.9802322387695312e-08,
            -7.450580596923828e-09
        ],
        "RPA": [
            0.06490063667297363,
            5.960464477539063e-08,
            -7.450580596923828e-09
        ],
        "coil1": [
            0.06723958998918533,
            -0.02994060516357422,
            0.012220773845911026
        ],
        "coil2": [
            0.04448100924491882,
            0.08258259296417236,
            0.06292759627103806
        ],
        "coil3": [
            -0.0686272531747818,
            -0.029176175594329834,
            0.016348863020539284
        ],
        "coil4": [
            -0.048305004835128784,
            0.07550019025802612,
            0.06393338739871979
        ]
    },
    "AnatomicalLandmarkCoordinateSystem": "ElektaNeuromag",
    "AnatomicalLandmarkCoordinateUnits": "m"
}
