{
    "MEGCoordinateSystem": "ElektaNeuromag",
    "MEGCoordinateUnits": "m",
    "MEGCoordinateSystemDescription": "RAS orientation and the origin between the ears",
    "HeadCoilCoordinates": {
        "NAS": [
            3.725290298461914e-09,
            0.09405341744422913,
            0.0
        ],
        "LPA": [
            -0.07141586393117905,
            0.0,
            1.4901161193847656e-08
        ],
        "RPA": [
            0.07096058875322342,
            0.0,
            1.4901161193847656e-08
        ],
        "coil1": [
            0.07114144414663315,
            -0.02692297101020813,
            0.021105801686644554
        ],
        "coil2": [
            0.042634569108486176,
            0.09454888105392456,
            0.06501154601573944
        ],
        "coil3": [
            -0.0731314867734909,
            -0.021618694067001343,
            0.027196329087018967
        ],
        "coil4": [
            -0.05563536658883095,
            0.08489027619361877,
            0.06267815083265305
        ]
    },
    "HeadCoilCoordinateSystem": "ElektaNeuromag",
    "HeadCoilCoordinateUnits": "m",
    "AnatomicalLandmarkCoordinates": {
        "NAS": [
            3.725290298461914e-09,
            0.09405341744422913,
            0.0
        ],
        "LPA": [
            -0.07141586393117905,
            0.0,
            1.4901161193847656e-08
        ],
        "RPA": [
            0.07096058875322342,
            0.0,
            1.4901161193847656e-08
        ],
        "coil1": [
            0.07114144414663315,
            -0.02692297101020813,
            0.021105801686644554
        ],
        "coil2": [
            0.042634569108486176,
            0.09454888105392456,
            0.06501154601573944
        ],
        "coil3": [
            -0.0731314867734909,
            -0.021618694067001343,
            0.027196329087018967
        ],
        "coil4": [
            -0.05563536658883095,
            0.08489027619361877,
            0.06267815083265305
        ]
    },
    "AnatomicalLandmarkCoordinateSystem": "ElektaNeuromag",
    "AnatomicalLandmarkCoordinateUnits": "m"
}
