{
    "MEGCoordinateSystem": "ElektaNeuromag",
    "MEGCoordinateUnits": "m",
    "MEGCoordinateSystemDescription": "RAS orientation and the origin between the ears",
    "HeadCoilCoordinates": {
        "NAS": [
            1.862645149230957e-09,
            0.09664572775363922,
            7.450580596923828e-09
        ],
        "LPA": [
            -0.07041497528553009,
            0.0,
            1.862645149230957e-09
        ],
        "RPA": [
            0.07078757137060165,
            0.0,
            3.725290298461914e-09
        ],
        "coil1": [
            0.04634620249271393,
            0.09751616418361664,
            0.053039368242025375
        ],
        "coil2": [
            0.07334628701210022,
            -0.02288760244846344,
            0.02885414846241474
        ],
        "coil3": [
            -0.07119711488485336,
            -0.012410387396812439,
            0.042464226484298706
        ],
        "coil4": [
            -0.04928180202841759,
            0.08657917380332947,
            0.05892045795917511
        ]
    },
    "HeadCoilCoordinateSystem": "ElektaNeuromag",
    "HeadCoilCoordinateUnits": "m",
    "AnatomicalLandmarkCoordinates": {
        "NAS": [
            1.862645149230957e-09,
            0.09664572775363922,
            7.450580596923828e-09
        ],
        "LPA": [
            -0.07041497528553009,
            0.0,
            1.862645149230957e-09
        ],
        "RPA": [
            0.07078757137060165,
            0.0,
            3.725290298461914e-09
        ],
        "coil1": [
            0.04634620249271393,
            0.09751616418361664,
            0.053039368242025375
        ],
        "coil2": [
            0.07334628701210022,
            -0.02288760244846344,
            0.02885414846241474
        ],
        "coil3": [
            -0.07119711488485336,
            -0.012410387396812439,
            0.042464226484298706
        ],
        "coil4": [
            -0.04928180202841759,
            0.08657917380332947,
            0.05892045795917511
        ]
    },
    "AnatomicalLandmarkCoordinateSystem": "ElektaNeuromag",
    "AnatomicalLandmarkCoordinateUnits": "m"
}
