{
    "MEGCoordinateSystem": "ElektaNeuromag",
    "MEGCoordinateUnits": "m",
    "MEGCoordinateSystemDescription": "RAS orientation and the origin between the ears",
    "HeadCoilCoordinates": {
        "NAS": [
            1.862645149230957e-09,
            0.09423932433128357,
            5.587935447692871e-09
        ],
        "LPA": [
            -0.06305423378944397,
            -2.9802322387695312e-08,
            1.6298145055770874e-09
        ],
        "RPA": [
            0.06356756389141083,
            -2.9802322387695312e-08,
            5.820766091346741e-09
        ],
        "coil1": [
            0.061148665845394135,
            -0.026512131094932556,
            0.015435896813869476
        ],
        "coil2": [
            0.046473179012537,
            0.09270909428596497,
            0.050330258905887604
        ],
        "coil3": [
            -0.062186941504478455,
            -0.02014927752315998,
            0.026720315217971802
        ],
        "coil4": [
            -0.04820806160569191,
            0.09076008200645447,
            0.05005388706922531
        ]
    },
    "HeadCoilCoordinateSystem": "ElektaNeuromag",
    "HeadCoilCoordinateUnits": "m",
    "AnatomicalLandmarkCoordinates": {
        "NAS": [
            1.862645149230957e-09,
            0.09423932433128357,
            5.587935447692871e-09
        ],
        "LPA": [
            -0.06305423378944397,
            -2.9802322387695312e-08,
            1.6298145055770874e-09
        ],
        "RPA": [
            0.06356756389141083,
            -2.9802322387695312e-08,
            5.820766091346741e-09
        ],
        "coil1": [
            0.061148665845394135,
            -0.026512131094932556,
            0.015435896813869476
        ],
        "coil2": [
            0.046473179012537,
            0.09270909428596497,
            0.050330258905887604
        ],
        "coil3": [
            -0.062186941504478455,
            -0.02014927752315998,
            0.026720315217971802
        ],
        "coil4": [
            -0.04820806160569191,
            0.09076008200645447,
            0.05005388706922531
        ]
    },
    "AnatomicalLandmarkCoordinateSystem": "ElektaNeuromag",
    "AnatomicalLandmarkCoordinateUnits": "m"
}
