{
    "MEGCoordinateSystem": "ElektaNeuromag",
    "MEGCoordinateUnits": "m",
    "MEGCoordinateSystemDescription": "RAS orientation and the origin between the ears",
    "HeadCoilCoordinates": {
        "NAS": [
            -3.841705620288849e-09,
            0.08902707695960999,
            3.725290298461914e-09
        ],
        "LPA": [
            -0.06709817051887512,
            0.0,
            0.0
        ],
        "RPA": [
            0.06304026395082474,
            2.9802322387695312e-08,
            3.725290298461914e-09
        ],
        "coil1": [
            -0.07153802365064621,
            -0.015062958002090454,
            0.032770488411188126
        ],
        "coil2": [
            -0.05089617520570755,
            0.09482449293136597,
            0.05806361511349678
        ],
        "coil3": [
            0.04924242943525314,
            0.09402450919151306,
            0.052761297672986984
        ],
        "coil4": [
            0.06217820942401886,
            -0.029718339443206787,
            0.01319375354796648
        ]
    },
    "HeadCoilCoordinateSystem": "ElektaNeuromag",
    "HeadCoilCoordinateUnits": "m",
    "AnatomicalLandmarkCoordinates": {
        "NAS": [
            -3.841705620288849e-09,
            0.08902707695960999,
            3.725290298461914e-09
        ],
        "LPA": [
            -0.06709817051887512,
            0.0,
            0.0
        ],
        "RPA": [
            0.06304026395082474,
            2.9802322387695312e-08,
            3.725290298461914e-09
        ],
        "coil1": [
            -0.07153802365064621,
            -0.015062958002090454,
            0.032770488411188126
        ],
        "coil2": [
            -0.05089617520570755,
            0.09482449293136597,
            0.05806361511349678
        ],
        "coil3": [
            0.04924242943525314,
            0.09402450919151306,
            0.052761297672986984
        ],
        "coil4": [
            0.06217820942401886,
            -0.029718339443206787,
            0.01319375354796648
        ]
    },
    "AnatomicalLandmarkCoordinateSystem": "ElektaNeuromag",
    "AnatomicalLandmarkCoordinateUnits": "m"
}
