{
    "MEGCoordinateSystem": "ElektaNeuromag",
    "MEGCoordinateUnits": "m",
    "MEGCoordinateSystemDescription": "RAS orientation and the origin between the ears",
    "HeadCoilCoordinates": {
        "NAS": [
            -1.210719347000122e-08,
            0.10580912232398987,
            -7.450580596923828e-09
        ],
        "LPA": [
            -0.06661874800920486,
            0.0,
            0.0
        ],
        "RPA": [
            0.07013712078332901,
            0.0,
            3.725290298461914e-09
        ],
        "coil1": [
            0.07038027793169022,
            -0.027602285146713257,
            0.0359654575586319
        ],
        "coil2": [
            0.039092205464839935,
            0.0892176702618599,
            0.07739390432834625
        ],
        "coil3": [
            -0.07063683122396469,
            -0.02540937066078186,
            0.01616477221250534
        ],
        "coil4": [
            -0.054979510605335236,
            0.09193113446235657,
            0.06115042790770531
        ]
    },
    "HeadCoilCoordinateSystem": "ElektaNeuromag",
    "HeadCoilCoordinateUnits": "m",
    "AnatomicalLandmarkCoordinates": {
        "NAS": [
            -1.210719347000122e-08,
            0.10580912232398987,
            -7.450580596923828e-09
        ],
        "LPA": [
            -0.06661874800920486,
            0.0,
            0.0
        ],
        "RPA": [
            0.07013712078332901,
            0.0,
            3.725290298461914e-09
        ],
        "coil1": [
            0.07038027793169022,
            -0.027602285146713257,
            0.0359654575586319
        ],
        "coil2": [
            0.039092205464839935,
            0.0892176702618599,
            0.07739390432834625
        ],
        "coil3": [
            -0.07063683122396469,
            -0.02540937066078186,
            0.01616477221250534
        ],
        "coil4": [
            -0.054979510605335236,
            0.09193113446235657,
            0.06115042790770531
        ]
    },
    "AnatomicalLandmarkCoordinateSystem": "ElektaNeuromag",
    "AnatomicalLandmarkCoordinateUnits": "m"
}
