{
    "MEGCoordinateSystem": "ElektaNeuromag",
    "MEGCoordinateUnits": "m",
    "MEGCoordinateSystemDescription": "RAS orientation and the origin between the ears",
    "HeadCoilCoordinates": {
        "NAS": [
            7.450580596923828e-09,
            0.09546947479248047,
            -1.862645149230957e-09
        ],
        "LPA": [
            -0.06884439289569855,
            0.0,
            0.0
        ],
        "RPA": [
            0.06667587906122208,
            2.9802322387695312e-08,
            0.0
        ],
        "coil1": [
            -0.06694365292787552,
            -0.024604856967926025,
            0.033719148486852646
        ],
        "coil2": [
            -0.04723072424530983,
            0.09201672673225403,
            0.08014179766178131
        ],
        "coil3": [
            0.06366245448589325,
            -0.031464993953704834,
            0.020887158811092377
        ],
        "coil4": [
            0.05726464465260506,
            0.08420386910438538,
            0.06879463791847229
        ]
    },
    "HeadCoilCoordinateSystem": "ElektaNeuromag",
    "HeadCoilCoordinateUnits": "m",
    "AnatomicalLandmarkCoordinates": {
        "NAS": [
            7.450580596923828e-09,
            0.09546947479248047,
            -1.862645149230957e-09
        ],
        "LPA": [
            -0.06884439289569855,
            0.0,
            0.0
        ],
        "RPA": [
            0.06667587906122208,
            2.9802322387695312e-08,
            0.0
        ],
        "coil1": [
            -0.06694365292787552,
            -0.024604856967926025,
            0.033719148486852646
        ],
        "coil2": [
            -0.04723072424530983,
            0.09201672673225403,
            0.08014179766178131
        ],
        "coil3": [
            0.06366245448589325,
            -0.031464993953704834,
            0.020887158811092377
        ],
        "coil4": [
            0.05726464465260506,
            0.08420386910438538,
            0.06879463791847229
        ]
    },
    "AnatomicalLandmarkCoordinateSystem": "ElektaNeuromag",
    "AnatomicalLandmarkCoordinateUnits": "m"
}
