{
    "MEGCoordinateSystem": "ElektaNeuromag",
    "MEGCoordinateUnits": "m",
    "MEGCoordinateSystemDescription": "RAS orientation and the origin between the ears",
    "HeadCoilCoordinates": {
        "NAS": [
            -4.6566128730773926e-09,
            0.10249978303909302,
            0.0
        ],
        "LPA": [
            -0.06966350227594376,
            0.0,
            -7.450580596923828e-09
        ],
        "RPA": [
            0.06690526753664017,
            0.0,
            -1.1175870895385742e-08
        ],
        "coil1": [
            0.06733031570911407,
            -0.026881100609898567,
            0.005966898053884506
        ],
        "coil2": [
            0.043740998953580856,
            0.09194526076316833,
            0.0745081678032875
        ],
        "coil3": [
            -0.0719582587480545,
            -0.028313010931015015,
            0.01047979760915041
        ],
        "coil4": [
            -0.0351061150431633,
            0.10303565859794617,
            0.06268452852964401
        ]
    },
    "HeadCoilCoordinateSystem": "ElektaNeuromag",
    "HeadCoilCoordinateUnits": "m",
    "AnatomicalLandmarkCoordinates": {
        "NAS": [
            -4.6566128730773926e-09,
            0.10249978303909302,
            0.0
        ],
        "LPA": [
            -0.06966350227594376,
            0.0,
            -7.450580596923828e-09
        ],
        "RPA": [
            0.06690526753664017,
            0.0,
            -1.1175870895385742e-08
        ],
        "coil1": [
            0.06733031570911407,
            -0.026881100609898567,
            0.005966898053884506
        ],
        "coil2": [
            0.043740998953580856,
            0.09194526076316833,
            0.0745081678032875
        ],
        "coil3": [
            -0.0719582587480545,
            -0.028313010931015015,
            0.01047979760915041
        ],
        "coil4": [
            -0.0351061150431633,
            0.10303565859794617,
            0.06268452852964401
        ]
    },
    "AnatomicalLandmarkCoordinateSystem": "ElektaNeuromag",
    "AnatomicalLandmarkCoordinateUnits": "m"
}
