{
    "MEGCoordinateSystem": "ElektaNeuromag",
    "MEGCoordinateUnits": "m",
    "MEGCoordinateSystemDescription": "RAS orientation and the origin between the ears",
    "HeadCoilCoordinates": {
        "NAS": [
            -3.725290298461914e-09,
            0.09794288873672485,
            7.450580596923828e-09
        ],
        "LPA": [
            -0.07021436095237732,
            -2.9802322387695312e-08,
            7.450580596923828e-09
        ],
        "RPA": [
            0.0713561624288559,
            0.0,
            0.0
        ],
        "coil1": [
            0.07096102088689804,
            -0.03306382894515991,
            0.00584071921184659
        ],
        "coil2": [
            0.05809083208441734,
            0.07394537329673767,
            0.05628637969493866
        ],
        "coil3": [
            -0.07010119408369064,
            -0.032060831785202026,
            0.008896633982658386
        ],
        "coil4": [
            -0.045295972377061844,
            0.08298847079277039,
            0.06360781192779541
        ]
    },
    "HeadCoilCoordinateSystem": "ElektaNeuromag",
    "HeadCoilCoordinateUnits": "m",
    "AnatomicalLandmarkCoordinates": {
        "NAS": [
            -3.725290298461914e-09,
            0.09794288873672485,
            7.450580596923828e-09
        ],
        "LPA": [
            -0.07021436095237732,
            -2.9802322387695312e-08,
            7.450580596923828e-09
        ],
        "RPA": [
            0.0713561624288559,
            0.0,
            0.0
        ],
        "coil1": [
            0.07096102088689804,
            -0.03306382894515991,
            0.00584071921184659
        ],
        "coil2": [
            0.05809083208441734,
            0.07394537329673767,
            0.05628637969493866
        ],
        "coil3": [
            -0.07010119408369064,
            -0.032060831785202026,
            0.008896633982658386
        ],
        "coil4": [
            -0.045295972377061844,
            0.08298847079277039,
            0.06360781192779541
        ]
    },
    "AnatomicalLandmarkCoordinateSystem": "ElektaNeuromag",
    "AnatomicalLandmarkCoordinateUnits": "m"
}
