{
    "MEGCoordinateSystem": "ElektaNeuromag",
    "MEGCoordinateUnits": "m",
    "MEGCoordinateSystemDescription": "RAS orientation and the origin between the ears",
    "HeadCoilCoordinates": {
        "NAS": [
            -9.778887033462524e-09,
            0.09681805968284607,
            0.0
        ],
        "LPA": [
            -0.07224192470312119,
            2.9802322387695312e-08,
            1.0244548320770264e-08
        ],
        "RPA": [
            0.0677674189209938,
            2.9802322387695312e-08,
            -2.7939677238464355e-09
        ],
        "coil1": [
            -0.07683946937322617,
            -0.019643962383270264,
            0.029184900224208832
        ],
        "coil2": [
            -0.051911111921072006,
            0.09382215142250061,
            0.04424998164176941
        ],
        "coil3": [
            0.07187481969594955,
            -0.025921374559402466,
            0.02179107442498207
        ],
        "coil4": [
            0.047801338136196136,
            0.0967729389667511,
            0.04133781045675278
        ]
    },
    "HeadCoilCoordinateSystem": "ElektaNeuromag",
    "HeadCoilCoordinateUnits": "m",
    "AnatomicalLandmarkCoordinates": {
        "NAS": [
            -9.778887033462524e-09,
            0.09681805968284607,
            0.0
        ],
        "LPA": [
            -0.07224192470312119,
            2.9802322387695312e-08,
            1.0244548320770264e-08
        ],
        "RPA": [
            0.0677674189209938,
            2.9802322387695312e-08,
            -2.7939677238464355e-09
        ],
        "coil1": [
            -0.07683946937322617,
            -0.019643962383270264,
            0.029184900224208832
        ],
        "coil2": [
            -0.051911111921072006,
            0.09382215142250061,
            0.04424998164176941
        ],
        "coil3": [
            0.07187481969594955,
            -0.025921374559402466,
            0.02179107442498207
        ],
        "coil4": [
            0.047801338136196136,
            0.0967729389667511,
            0.04133781045675278
        ]
    },
    "AnatomicalLandmarkCoordinateSystem": "ElektaNeuromag",
    "AnatomicalLandmarkCoordinateUnits": "m"
}
