{
    "MEGCoordinateSystem": "ElektaNeuromag",
    "MEGCoordinateUnits": "m",
    "MEGCoordinateSystemDescription": "RAS orientation and the origin between the ears",
    "HeadCoilCoordinates": {
        "NAS": [
            3.725290298461914e-09,
            0.10737067461013794,
            3.725290298461914e-09
        ],
        "LPA": [
            -0.07002565264701843,
            0.0,
            7.450580596923828e-09
        ],
        "RPA": [
            0.07404518127441406,
            0.0,
            7.450580596923828e-09
        ],
        "coil1": [
            0.07067296653985977,
            -0.02595725655555725,
            0.015610030852258205
        ],
        "coil2": [
            0.061605192720890045,
            0.08250579237937927,
            0.08578982204198837
        ],
        "coil3": [
            -0.06673413515090942,
            -0.023315012454986572,
            0.019999442622065544
        ],
        "coil4": [
            -0.05791393667459488,
            0.0855189859867096,
            0.07693146169185638
        ]
    },
    "HeadCoilCoordinateSystem": "ElektaNeuromag",
    "HeadCoilCoordinateUnits": "m",
    "AnatomicalLandmarkCoordinates": {
        "NAS": [
            3.725290298461914e-09,
            0.10737067461013794,
            3.725290298461914e-09
        ],
        "LPA": [
            -0.07002565264701843,
            0.0,
            7.450580596923828e-09
        ],
        "RPA": [
            0.07404518127441406,
            0.0,
            7.450580596923828e-09
        ],
        "coil1": [
            0.07067296653985977,
            -0.02595725655555725,
            0.015610030852258205
        ],
        "coil2": [
            0.061605192720890045,
            0.08250579237937927,
            0.08578982204198837
        ],
        "coil3": [
            -0.06673413515090942,
            -0.023315012454986572,
            0.019999442622065544
        ],
        "coil4": [
            -0.05791393667459488,
            0.0855189859867096,
            0.07693146169185638
        ]
    },
    "AnatomicalLandmarkCoordinateSystem": "ElektaNeuromag",
    "AnatomicalLandmarkCoordinateUnits": "m"
}
