{
    "MEGCoordinateSystem": "ElektaNeuromag",
    "MEGCoordinateUnits": "m",
    "MEGCoordinateSystemDescription": "RAS orientation and the origin between the ears",
    "HeadCoilCoordinates": {
        "NAS": [
            -3.725290298461914e-09,
            0.0833519697189331,
            0.0
        ],
        "LPA": [
            -0.06932888925075531,
            0.0,
            -2.9802322387695312e-08
        ],
        "RPA": [
            0.07246138900518417,
            -2.9802322387695312e-08,
            0.0
        ],
        "coil1": [
            -0.06326385587453842,
            -0.030403897166252136,
            -0.0016608689911663532
        ],
        "coil2": [
            -0.04639014974236488,
            0.07312384247779846,
            0.06283946335315704
        ],
        "coil3": [
            0.04340287670493126,
            0.07791465520858765,
            0.05812999606132507
        ],
        "coil4": [
            0.06667035073041916,
            -0.03487345576286316,
            0.00014448200818151236
        ]
    },
    "HeadCoilCoordinateSystem": "ElektaNeuromag",
    "HeadCoilCoordinateUnits": "m",
    "AnatomicalLandmarkCoordinates": {
        "NAS": [
            -3.725290298461914e-09,
            0.0833519697189331,
            0.0
        ],
        "LPA": [
            -0.06932888925075531,
            0.0,
            -2.9802322387695312e-08
        ],
        "RPA": [
            0.07246138900518417,
            -2.9802322387695312e-08,
            0.0
        ],
        "coil1": [
            -0.06326385587453842,
            -0.030403897166252136,
            -0.0016608689911663532
        ],
        "coil2": [
            -0.04639014974236488,
            0.07312384247779846,
            0.06283946335315704
        ],
        "coil3": [
            0.04340287670493126,
            0.07791465520858765,
            0.05812999606132507
        ],
        "coil4": [
            0.06667035073041916,
            -0.03487345576286316,
            0.00014448200818151236
        ]
    },
    "AnatomicalLandmarkCoordinateSystem": "ElektaNeuromag",
    "AnatomicalLandmarkCoordinateUnits": "m"
}
