{
    "MEGCoordinateSystem": "ElektaNeuromag",
    "MEGCoordinateUnits": "m",
    "MEGCoordinateSystemDescription": "RAS orientation and the origin between the ears",
    "HeadCoilCoordinates": {
        "NAS": [
            7.450580596923828e-09,
            0.09128519892692566,
            7.450580596923828e-09
        ],
        "LPA": [
            -0.07019093632698059,
            2.9802322387695312e-08,
            7.450580596923828e-09
        ],
        "RPA": [
            0.06658847630023956,
            5.960464477539063e-08,
            1.1175870895385742e-08
        ],
        "coil1": [
            0.06901738792657852,
            -0.03255075216293335,
            0.00041822000639513135
        ],
        "coil2": [
            0.04581942409276962,
            0.07636293768882751,
            0.06081109493970871
        ],
        "coil3": [
            -0.07541470229625702,
            -0.030920028686523438,
            0.003038428956642747
        ],
        "coil4": [
            -0.04808952659368515,
            0.079183429479599,
            0.05202508345246315
        ]
    },
    "HeadCoilCoordinateSystem": "ElektaNeuromag",
    "HeadCoilCoordinateUnits": "m",
    "AnatomicalLandmarkCoordinates": {
        "NAS": [
            7.450580596923828e-09,
            0.09128519892692566,
            7.450580596923828e-09
        ],
        "LPA": [
            -0.07019093632698059,
            2.9802322387695312e-08,
            7.450580596923828e-09
        ],
        "RPA": [
            0.06658847630023956,
            5.960464477539063e-08,
            1.1175870895385742e-08
        ],
        "coil1": [
            0.06901738792657852,
            -0.03255075216293335,
            0.00041822000639513135
        ],
        "coil2": [
            0.04581942409276962,
            0.07636293768882751,
            0.06081109493970871
        ],
        "coil3": [
            -0.07541470229625702,
            -0.030920028686523438,
            0.003038428956642747
        ],
        "coil4": [
            -0.04808952659368515,
            0.079183429479599,
            0.05202508345246315
        ]
    },
    "AnatomicalLandmarkCoordinateSystem": "ElektaNeuromag",
    "AnatomicalLandmarkCoordinateUnits": "m"
}
