{
    "MEGCoordinateSystem": "ElektaNeuromag",
    "MEGCoordinateUnits": "m",
    "MEGCoordinateSystemDescription": "RAS orientation and the origin between the ears",
    "HeadCoilCoordinates": {
        "NAS": [
            4.540197551250458e-09,
            0.09388966858386993,
            0.0
        ],
        "LPA": [
            -0.06663378328084946,
            2.9802322387695312e-08,
            7.450580596923828e-09
        ],
        "RPA": [
            0.06909289956092834,
            2.9802322387695312e-08,
            7.450580596923828e-09
        ],
        "coil1": [
            -0.042446136474609375,
            0.08648151159286499,
            0.045801110565662384
        ],
        "coil2": [
            0.026631824672222137,
            0.09280693531036377,
            0.05724659562110901
        ],
        "coil3": [
            -0.06588274985551834,
            -0.02649201638996601,
            -0.011140137910842896
        ],
        "coil4": [
            0.06351998448371887,
            -0.029054537415504456,
            -0.01503598690032959
        ]
    },
    "HeadCoilCoordinateSystem": "ElektaNeuromag",
    "HeadCoilCoordinateUnits": "m",
    "AnatomicalLandmarkCoordinates": {
        "NAS": [
            4.540197551250458e-09,
            0.09388966858386993,
            0.0
        ],
        "LPA": [
            -0.06663378328084946,
            2.9802322387695312e-08,
            7.450580596923828e-09
        ],
        "RPA": [
            0.06909289956092834,
            2.9802322387695312e-08,
            7.450580596923828e-09
        ],
        "coil1": [
            -0.042446136474609375,
            0.08648151159286499,
            0.045801110565662384
        ],
        "coil2": [
            0.026631824672222137,
            0.09280693531036377,
            0.05724659562110901
        ],
        "coil3": [
            -0.06588274985551834,
            -0.02649201638996601,
            -0.011140137910842896
        ],
        "coil4": [
            0.06351998448371887,
            -0.029054537415504456,
            -0.01503598690032959
        ]
    },
    "AnatomicalLandmarkCoordinateSystem": "ElektaNeuromag",
    "AnatomicalLandmarkCoordinateUnits": "m"
}
