{
    "MEGCoordinateSystem": "ElektaNeuromag",
    "MEGCoordinateUnits": "m",
    "MEGCoordinateSystemDescription": "RAS orientation and the origin between the ears",
    "HeadCoilCoordinates": {
        "NAS": [
            -9.313225746154785e-10,
            0.09105488657951355,
            3.725290298461914e-09
        ],
        "LPA": [
            -0.06516873836517334,
            0.0,
            7.450580596923828e-09
        ],
        "RPA": [
            0.06300762295722961,
            2.9802322387695312e-08,
            7.450580596923828e-09
        ],
        "coil1": [
            0.06272213906049728,
            -0.024444177746772766,
            0.026685385033488274
        ],
        "coil2": [
            0.039865266531705856,
            0.09594210982322693,
            0.055597588419914246
        ],
        "coil3": [
            -0.06604026257991791,
            -0.021549612283706665,
            0.02733057551085949
        ],
        "coil4": [
            -0.05247792229056358,
            0.0880429744720459,
            0.03993554413318634
        ]
    },
    "HeadCoilCoordinateSystem": "ElektaNeuromag",
    "HeadCoilCoordinateUnits": "m",
    "AnatomicalLandmarkCoordinates": {
        "NAS": [
            -9.313225746154785e-10,
            0.09105488657951355,
            3.725290298461914e-09
        ],
        "LPA": [
            -0.06516873836517334,
            0.0,
            7.450580596923828e-09
        ],
        "RPA": [
            0.06300762295722961,
            2.9802322387695312e-08,
            7.450580596923828e-09
        ],
        "coil1": [
            0.06272213906049728,
            -0.024444177746772766,
            0.026685385033488274
        ],
        "coil2": [
            0.039865266531705856,
            0.09594210982322693,
            0.055597588419914246
        ],
        "coil3": [
            -0.06604026257991791,
            -0.021549612283706665,
            0.02733057551085949
        ],
        "coil4": [
            -0.05247792229056358,
            0.0880429744720459,
            0.03993554413318634
        ]
    },
    "AnatomicalLandmarkCoordinateSystem": "ElektaNeuromag",
    "AnatomicalLandmarkCoordinateUnits": "m"
}
