{
    "MEGCoordinateSystem": "ElektaNeuromag",
    "MEGCoordinateUnits": "m",
    "MEGCoordinateSystemDescription": "RAS orientation and the origin between the ears",
    "HeadCoilCoordinates": {
        "NAS": [
            3.725290298461914e-09,
            0.10095793008804321,
            7.450580596923828e-09
        ],
        "LPA": [
            -0.07396234571933746,
            0.0,
            1.4901161193847656e-08
        ],
        "RPA": [
            0.0725850760936737,
            0.0,
            1.4901161193847656e-08
        ],
        "coil1": [
            0.07330555468797684,
            -0.022364972159266472,
            0.01713390275835991
        ],
        "coil2": [
            0.05095720663666725,
            0.08180290460586548,
            0.06816206127405167
        ],
        "coil3": [
            -0.03784165903925896,
            0.08819475769996643,
            0.06898310780525208
        ],
        "coil4": [
            -0.07431142032146454,
            -0.02109774947166443,
            0.019128378480672836
        ]
    },
    "HeadCoilCoordinateSystem": "ElektaNeuromag",
    "HeadCoilCoordinateUnits": "m",
    "AnatomicalLandmarkCoordinates": {
        "NAS": [
            3.725290298461914e-09,
            0.10095793008804321,
            7.450580596923828e-09
        ],
        "LPA": [
            -0.07396234571933746,
            0.0,
            1.4901161193847656e-08
        ],
        "RPA": [
            0.0725850760936737,
            0.0,
            1.4901161193847656e-08
        ],
        "coil1": [
            0.07330555468797684,
            -0.022364972159266472,
            0.01713390275835991
        ],
        "coil2": [
            0.05095720663666725,
            0.08180290460586548,
            0.06816206127405167
        ],
        "coil3": [
            -0.03784165903925896,
            0.08819475769996643,
            0.06898310780525208
        ],
        "coil4": [
            -0.07431142032146454,
            -0.02109774947166443,
            0.019128378480672836
        ]
    },
    "AnatomicalLandmarkCoordinateSystem": "ElektaNeuromag",
    "AnatomicalLandmarkCoordinateUnits": "m"
}
