{
    "MEGCoordinateSystem": "ElektaNeuromag",
    "MEGCoordinateUnits": "m",
    "MEGCoordinateSystemDescription": "RAS orientation and the origin between the ears",
    "HeadCoilCoordinates": {
        "NAS": [
            -0.0,
            0.09258000552654266,
            0.0
        ],
        "LPA": [
            -0.07347000390291214,
            -0.0,
            0.0
        ],
        "RPA": [
            0.07133999466896057,
            -0.0,
            0.0
        ],
        "coil1": [
            -0.06808999925851822,
            -0.029649998992681503,
            0.0035099999513477087
        ],
        "coil2": [
            -0.06545999646186829,
            0.0748399943113327,
            0.042319998145103455
        ],
        "coil3": [
            0.002300000051036477,
            0.11208999902009964,
            0.0484900027513504
        ],
        "coil4": [
            0.05595000088214874,
            0.0843999981880188,
            0.05458000302314758
        ],
        "coil5": [
            0.06819000095129013,
            -0.031860001385211945,
            0.010890000499784946
        ]
    },
    "HeadCoilCoordinateSystem": "ElektaNeuromag",
    "HeadCoilCoordinateUnits": "m",
    "AnatomicalLandmarkCoordinates": {
        "NAS": [
            -0.0,
            0.09258000552654266,
            0.0
        ],
        "LPA": [
            -0.07347000390291214,
            -0.0,
            0.0
        ],
        "RPA": [
            0.07133999466896057,
            -0.0,
            0.0
        ],
        "coil1": [
            -0.06808999925851822,
            -0.029649998992681503,
            0.0035099999513477087
        ],
        "coil2": [
            -0.06545999646186829,
            0.0748399943113327,
            0.042319998145103455
        ],
        "coil3": [
            0.002300000051036477,
            0.11208999902009964,
            0.0484900027513504
        ],
        "coil4": [
            0.05595000088214874,
            0.0843999981880188,
            0.05458000302314758
        ],
        "coil5": [
            0.06819000095129013,
            -0.031860001385211945,
            0.010890000499784946
        ]
    },
    "AnatomicalLandmarkCoordinateSystem": "ElektaNeuromag",
    "AnatomicalLandmarkCoordinateUnits": "m"
}
