{
    "MEGCoordinateSystem": "ElektaNeuromag",
    "MEGCoordinateUnits": "m",
    "MEGCoordinateSystemDescription": "RAS orientation and the origin between the ears",
    "HeadCoilCoordinates": {
        "NAS": [
            4.6566128730773926e-09,
            0.10427787899971008,
            3.725290298461914e-09
        ],
        "LPA": [
            -0.06761100143194199,
            0.0,
            3.725290298461914e-09
        ],
        "RPA": [
            0.06659727543592453,
            2.9802322387695312e-08,
            5.587935447692871e-09
        ],
        "coil1": [
            0.06418921798467636,
            -0.026266157627105713,
            0.020733335986733437
        ],
        "coil2": [
            0.03385992348194122,
            0.102651447057724,
            0.05377045273780823
        ],
        "coil3": [
            -0.06592841446399689,
            -0.023392677307128906,
            0.027475187554955482
        ],
        "coil4": [
            -0.03933762386441231,
            0.10001197457313538,
            0.050836946815252304
        ]
    },
    "HeadCoilCoordinateSystem": "ElektaNeuromag",
    "HeadCoilCoordinateUnits": "m",
    "AnatomicalLandmarkCoordinates": {
        "NAS": [
            4.6566128730773926e-09,
            0.10427787899971008,
            3.725290298461914e-09
        ],
        "LPA": [
            -0.06761100143194199,
            0.0,
            3.725290298461914e-09
        ],
        "RPA": [
            0.06659727543592453,
            2.9802322387695312e-08,
            5.587935447692871e-09
        ],
        "coil1": [
            0.06418921798467636,
            -0.026266157627105713,
            0.020733335986733437
        ],
        "coil2": [
            0.03385992348194122,
            0.102651447057724,
            0.05377045273780823
        ],
        "coil3": [
            -0.06592841446399689,
            -0.023392677307128906,
            0.027475187554955482
        ],
        "coil4": [
            -0.03933762386441231,
            0.10001197457313538,
            0.050836946815252304
        ]
    },
    "AnatomicalLandmarkCoordinateSystem": "ElektaNeuromag",
    "AnatomicalLandmarkCoordinateUnits": "m"
}
