{
    "MEGCoordinateSystem": "ElektaNeuromag",
    "MEGCoordinateUnits": "m",
    "MEGCoordinateSystemDescription": "RAS orientation and the origin between the ears",
    "HeadCoilCoordinates": {
        "NAS": [
            -3.725290298461914e-09,
            0.1005740761756897,
            -3.725290298461914e-09
        ],
        "LPA": [
            -0.07446989417076111,
            0.0,
            -3.725290298461914e-09
        ],
        "RPA": [
            0.07235386967658997,
            0.0,
            0.0
        ],
        "coil1": [
            0.07159492373466492,
            -0.028882592916488647,
            0.020544862374663353
        ],
        "coil2": [
            0.05128178745508194,
            0.08666932582855225,
            0.05102662369608879
        ],
        "coil3": [
            -0.07259926199913025,
            -0.023285599425435066,
            0.02293189987540245
        ],
        "coil4": [
            -0.04823479428887367,
            0.09303116798400879,
            0.060935601592063904
        ]
    },
    "HeadCoilCoordinateSystem": "ElektaNeuromag",
    "HeadCoilCoordinateUnits": "m",
    "AnatomicalLandmarkCoordinates": {
        "NAS": [
            -3.725290298461914e-09,
            0.1005740761756897,
            -3.725290298461914e-09
        ],
        "LPA": [
            -0.07446989417076111,
            0.0,
            -3.725290298461914e-09
        ],
        "RPA": [
            0.07235386967658997,
            0.0,
            0.0
        ],
        "coil1": [
            0.07159492373466492,
            -0.028882592916488647,
            0.020544862374663353
        ],
        "coil2": [
            0.05128178745508194,
            0.08666932582855225,
            0.05102662369608879
        ],
        "coil3": [
            -0.07259926199913025,
            -0.023285599425435066,
            0.02293189987540245
        ],
        "coil4": [
            -0.04823479428887367,
            0.09303116798400879,
            0.060935601592063904
        ]
    },
    "AnatomicalLandmarkCoordinateSystem": "ElektaNeuromag",
    "AnatomicalLandmarkCoordinateUnits": "m"
}
