{
    "MEGCoordinateSystem": "ElektaNeuromag",
    "MEGCoordinateUnits": "m",
    "MEGCoordinateSystemDescription": "RAS orientation and the origin between the ears",
    "HeadCoilCoordinates": {
        "NAS": [
            1.862645149230957e-09,
            0.09992298483848572,
            7.450580596923828e-09
        ],
        "LPA": [
            -0.06784016638994217,
            2.9802322387695312e-08,
            0.0
        ],
        "RPA": [
            0.07215817272663116,
            0.0,
            -3.725290298461914e-09
        ],
        "coil1": [
            -0.052348792552948,
            0.06901952624320984,
            0.0776679664850235
        ],
        "coil2": [
            -0.06861605495214462,
            -0.025628449395298958,
            0.011848341673612595
        ],
        "coil3": [
            0.07533910870552063,
            -0.02389770746231079,
            0.011304844170808792
        ],
        "coil4": [
            0.05712509900331497,
            0.07015728950500488,
            0.0702606812119484
        ]
    },
    "HeadCoilCoordinateSystem": "ElektaNeuromag",
    "HeadCoilCoordinateUnits": "m",
    "AnatomicalLandmarkCoordinates": {
        "NAS": [
            1.862645149230957e-09,
            0.09992298483848572,
            7.450580596923828e-09
        ],
        "LPA": [
            -0.06784016638994217,
            2.9802322387695312e-08,
            0.0
        ],
        "RPA": [
            0.07215817272663116,
            0.0,
            -3.725290298461914e-09
        ],
        "coil1": [
            -0.052348792552948,
            0.06901952624320984,
            0.0776679664850235
        ],
        "coil2": [
            -0.06861605495214462,
            -0.025628449395298958,
            0.011848341673612595
        ],
        "coil3": [
            0.07533910870552063,
            -0.02389770746231079,
            0.011304844170808792
        ],
        "coil4": [
            0.05712509900331497,
            0.07015728950500488,
            0.0702606812119484
        ]
    },
    "AnatomicalLandmarkCoordinateSystem": "ElektaNeuromag",
    "AnatomicalLandmarkCoordinateUnits": "m"
}
