{
    "MEGCoordinateSystem": "ElektaNeuromag",
    "MEGCoordinateUnits": "m",
    "MEGCoordinateSystemDescription": "RAS orientation and the origin between the ears",
    "HeadCoilCoordinates": {
        "NAS": [
            -7.450580596923828e-09,
            0.1134456992149353,
            0.0
        ],
        "LPA": [
            -0.06726865470409393,
            0.0,
            7.450580596923828e-09
        ],
        "RPA": [
            0.0747402012348175,
            2.9802322387695312e-08,
            3.725290298461914e-09
        ],
        "coil1": [
            0.0771694928407669,
            -0.015035689808428288,
            0.041759081184864044
        ],
        "coil2": [
            0.058886609971523285,
            0.09934920072555542,
            0.07281117141246796
        ],
        "coil3": [
            -0.06914117932319641,
            -0.020376652479171753,
            0.03958861529827118
        ],
        "coil4": [
            -0.05997558683156967,
            0.09461650252342224,
            0.07903294265270233
        ]
    },
    "HeadCoilCoordinateSystem": "ElektaNeuromag",
    "HeadCoilCoordinateUnits": "m",
    "AnatomicalLandmarkCoordinates": {
        "NAS": [
            -7.450580596923828e-09,
            0.1134456992149353,
            0.0
        ],
        "LPA": [
            -0.06726865470409393,
            0.0,
            7.450580596923828e-09
        ],
        "RPA": [
            0.0747402012348175,
            2.9802322387695312e-08,
            3.725290298461914e-09
        ],
        "coil1": [
            0.0771694928407669,
            -0.015035689808428288,
            0.041759081184864044
        ],
        "coil2": [
            0.058886609971523285,
            0.09934920072555542,
            0.07281117141246796
        ],
        "coil3": [
            -0.06914117932319641,
            -0.020376652479171753,
            0.03958861529827118
        ],
        "coil4": [
            -0.05997558683156967,
            0.09461650252342224,
            0.07903294265270233
        ]
    },
    "AnatomicalLandmarkCoordinateSystem": "ElektaNeuromag",
    "AnatomicalLandmarkCoordinateUnits": "m"
}
