{
    "MEGCoordinateSystem": "ElektaNeuromag",
    "MEGCoordinateUnits": "m",
    "MEGCoordinateSystemDescription": "RAS orientation and the origin between the ears",
    "HeadCoilCoordinates": {
        "NAS": [
            -1.862645149230957e-09,
            0.10381406545639038,
            3.725290298461914e-09
        ],
        "LPA": [
            -0.07126124948263168,
            0.0,
            3.725290298461914e-09
        ],
        "RPA": [
            0.06772582978010178,
            -1.4901161193847656e-08,
            1.862645149230957e-09
        ],
        "coil1": [
            0.06619319319725037,
            -0.02118535153567791,
            0.031202003359794617
        ],
        "coil2": [
            0.051072873175144196,
            0.09216773509979248,
            0.059115417301654816
        ],
        "coil3": [
            -0.07024862617254257,
            -0.017588689923286438,
            0.028874339535832405
        ],
        "coil4": [
            -0.048247624188661575,
            0.09624981880187988,
            0.056352466344833374
        ]
    },
    "HeadCoilCoordinateSystem": "ElektaNeuromag",
    "HeadCoilCoordinateUnits": "m",
    "AnatomicalLandmarkCoordinates": {
        "NAS": [
            -1.862645149230957e-09,
            0.10381406545639038,
            3.725290298461914e-09
        ],
        "LPA": [
            -0.07126124948263168,
            0.0,
            3.725290298461914e-09
        ],
        "RPA": [
            0.06772582978010178,
            -1.4901161193847656e-08,
            1.862645149230957e-09
        ],
        "coil1": [
            0.06619319319725037,
            -0.02118535153567791,
            0.031202003359794617
        ],
        "coil2": [
            0.051072873175144196,
            0.09216773509979248,
            0.059115417301654816
        ],
        "coil3": [
            -0.07024862617254257,
            -0.017588689923286438,
            0.028874339535832405
        ],
        "coil4": [
            -0.048247624188661575,
            0.09624981880187988,
            0.056352466344833374
        ]
    },
    "AnatomicalLandmarkCoordinateSystem": "ElektaNeuromag",
    "AnatomicalLandmarkCoordinateUnits": "m"
}
