{
    "MEGCoordinateSystem": "ElektaNeuromag",
    "MEGCoordinateUnits": "m",
    "MEGCoordinateSystemDescription": "RAS orientation and the origin between the ears",
    "HeadCoilCoordinates": {
        "NAS": [
            -5.587935447692871e-09,
            0.09175120294094086,
            0.0
        ],
        "LPA": [
            -0.0693654716014862,
            1.4901161193847656e-08,
            3.725290298461914e-09
        ],
        "RPA": [
            0.07146363705396652,
            0.0,
            0.0
        ],
        "coil1": [
            0.07077202200889587,
            -0.01911585032939911,
            0.004113924223929644
        ],
        "coil2": [
            0.043182242661714554,
            0.08120949566364288,
            0.05944962799549103
        ],
        "coil3": [
            -0.06813333928585052,
            -0.027857588604092598,
            0.009853373281657696
        ],
        "coil4": [
            -0.04905860126018524,
            0.07277177274227142,
            0.06116027757525444
        ]
    },
    "HeadCoilCoordinateSystem": "ElektaNeuromag",
    "HeadCoilCoordinateUnits": "m",
    "AnatomicalLandmarkCoordinates": {
        "NAS": [
            -5.587935447692871e-09,
            0.09175120294094086,
            0.0
        ],
        "LPA": [
            -0.0693654716014862,
            1.4901161193847656e-08,
            3.725290298461914e-09
        ],
        "RPA": [
            0.07146363705396652,
            0.0,
            0.0
        ],
        "coil1": [
            0.07077202200889587,
            -0.01911585032939911,
            0.004113924223929644
        ],
        "coil2": [
            0.043182242661714554,
            0.08120949566364288,
            0.05944962799549103
        ],
        "coil3": [
            -0.06813333928585052,
            -0.027857588604092598,
            0.009853373281657696
        ],
        "coil4": [
            -0.04905860126018524,
            0.07277177274227142,
            0.06116027757525444
        ]
    },
    "AnatomicalLandmarkCoordinateSystem": "ElektaNeuromag",
    "AnatomicalLandmarkCoordinateUnits": "m"
}
