{
    "MEGCoordinateSystem": "ElektaNeuromag",
    "MEGCoordinateUnits": "m",
    "MEGCoordinateSystemDescription": "RAS orientation and the origin between the ears",
    "HeadCoilCoordinates": {
        "NAS": [
            1.862645149230957e-09,
            0.10616269707679749,
            -1.4901161193847656e-08
        ],
        "LPA": [
            -0.07260061055421829,
            -2.9802322387695312e-08,
            -1.4901161193847656e-08
        ],
        "RPA": [
            0.07333153486251831,
            0.0,
            -2.9802322387695312e-08
        ],
        "coil1": [
            -0.07198864966630936,
            -0.03249788284301758,
            -0.003579213982447982
        ],
        "coil2": [
            0.07665207982063293,
            -0.027552396059036255,
            0.006530344020575285
        ],
        "coil3": [
            0.05800165981054306,
            0.0816119909286499,
            0.059793248772621155
        ],
        "coil4": [
            -0.052497901022434235,
            0.07647240161895752,
            0.07577706128358841
        ]
    },
    "HeadCoilCoordinateSystem": "ElektaNeuromag",
    "HeadCoilCoordinateUnits": "m",
    "AnatomicalLandmarkCoordinates": {
        "NAS": [
            1.862645149230957e-09,
            0.10616269707679749,
            -1.4901161193847656e-08
        ],
        "LPA": [
            -0.07260061055421829,
            -2.9802322387695312e-08,
            -1.4901161193847656e-08
        ],
        "RPA": [
            0.07333153486251831,
            0.0,
            -2.9802322387695312e-08
        ],
        "coil1": [
            -0.07198864966630936,
            -0.03249788284301758,
            -0.003579213982447982
        ],
        "coil2": [
            0.07665207982063293,
            -0.027552396059036255,
            0.006530344020575285
        ],
        "coil3": [
            0.05800165981054306,
            0.0816119909286499,
            0.059793248772621155
        ],
        "coil4": [
            -0.052497901022434235,
            0.07647240161895752,
            0.07577706128358841
        ]
    },
    "AnatomicalLandmarkCoordinateSystem": "ElektaNeuromag",
    "AnatomicalLandmarkCoordinateUnits": "m"
}
